Atomic_Number,Symbol,Element_Name,Mass_Excess_keV,Mass_Uncertainty_keV,Half_Life,Spin_Parity,Year,Decay_Modes,Mass_Number,Isomer
0,n,neutron,8071.3181,0.0004,,,1932.0,β−=100,1,
1,H,Hydrogen,7288.9710,0.0001,STABLE,,1920.0,IS=99.985578,1,
1,H,Hydrogen,13135.7229,0.0001,STABLE,,3.0,IS=0.014578,2,
1,H,Hydrogen,14949.8109,0.0001,,,0.0,β−=100,3,
1,H,Hydrogen,24620,100,,,100.0,n=100,4,
1,H,Hydrogen,32890,90,,,90.0,2n=100,5,
1,H,Hydrogen,41880,250,,,250.0,,6,
1,H,Hydrogen,49140#,1000#,,,652.0,,7,
2,He,Helium,14931.2188,0.0001,STABLE,,98.0,IS=0.00022,3,
2,He,Helium,2424.9158,0.0001,STABLE,0+,98.0,IS=99.99982,4,
2,He,Helium,11231,20,,,20.0,n=100,5,
2,He,Helium,17592.10,0.05,806.92ms0.24,0+,1936.0,β−=100;β−d=0.00027818,6,
2,He,Helium,26073,8,,,1967.0,n=100,7,
2,He,Helium,31609.68,0.09,119.5ms1.5,0+,1965.0,β−=100;β−n=161;,8,
2,He,Helium,40940,50,,,50.0,n=100,9,
2,He,Helium,49200,90,,0+,90.0,2n=100,10,
3,Li,Lithium,28670#,2000#,p-unstable,,98.0,,3,i
3,Li,Lithium,25320,210,,,210.0,p=100,4,i
3,Li,Lithium,11680,50,,,50.0,p=100,5,i
3,Li,Lithium,14086.8804,0.0014,STABLE,,2.0,IS=4.85171,6,i
3,Li,Lithium,17649.76,0.10,,,56.0,IT=100,6,i
3,Li,Lithium,14907.105,0.004,STABLE,,3.0,IS=95.15171,7,i
3,Li,Lithium,26150,30,,,30.0,,7,i
3,Li,Lithium,20945.80,0.05,838.7ms0.3,2+,1935.0,β−=100;β−α=100,8,i
3,Li,Lithium,31768,5,,,5.0,,8,i
3,Li,Lithium,24954.91,0.19,178.2ms0.4,,1951.0,β−=100;β−n=50.510,9,i
3,Li,Lithium,33053,13,,,13.0,n=100,10,i
3,Li,Lithium,33250,40,,1+,40.0,IT=100,10,m
3,Li,Lithium,33530,40,,,40.0,IT=100,10,n
3,Li,Lithium,40728.3,0.6,8.75ms0.06,,1966.0,β−=100;β−n=86.39;,11,i
3,Li,Lithium,49010,30,,,30.0,,12,i
3,Li,Lithium,56980,70,,,70.0,2n=100,13,i
4,Be,Beryllium,37140#,2000#,p-unstable,,18.0,,5,
4,Be,Beryllium,18375,5,,0+,2.0,2p=100,6,
4,Be,Beryllium,15769.00,0.07,,,3.0,ε=100,7,
4,Be,Beryllium,26750,30,,,30.0,,7,i
4,Be,Beryllium,4941.67,0.04,,0+,5.0,α=100,8,
4,Be,Beryllium,21568,3,,,2004.0,,8,i
4,Be,Beryllium,11348.45,0.08,STABLE,,6.0,IS=100,9,
4,Be,Beryllium,25738.8,1.7,,,6.0,,9,i
4,Be,Beryllium,12607.49,0.08,1.387My0.012,0+,1935.0,β−=100,10,
4,Be,Beryllium,33787,21,,,21.0,,10,i
4,Be,Beryllium,20177.17,0.24,,,1958.0,β−=100;β−α=3.31;,11,
4,Be,Beryllium,41336,20,,,20.0,,11,i
4,Be,Beryllium,25077.8,1.9,21.46ms0.05,0+,17.0,β−=100;β−n=0.503,12,
4,Be,Beryllium,27328.8,2.1,,0+,2251.0,IT=100,12,m
4,Be,Beryllium,33659,10,,,10.0,,13,
4,Be,Beryllium,35160,50,,,50.0,,13,p
4,Be,Beryllium,39950,130,4.53ms0.27,0+,130.0,β−=100;β−n=866;β−2n=52;,14,
4,Be,Beryllium,41470,60,,,60.0,,14,p
4,Be,Beryllium,49830,170,,,170.0,n=100,15,
4,Be,Beryllium,57450,170,,0+,170.0,2n=100,16,
5,B,Boron,47320#,2000#,p-unstable,,,,6,
5,B,Boron,27677,25,,,25.0,p=100,7,
5,B,Boron,22921.6,1.0,771.9ms0.9,2+,1950.0,β+=100;β+α=100,8,
5,B,Boron,12416.5,0.9,,,800.0,p=100,9,
5,B,Boron,12050.611,0.015,STABLE,,7.0,IS=19.6544,10,
5,B,Boron,8667.708,0.012,STABLE,,12.0,IS=80.3544,11,
5,Bj,Boron,42230,80,,,80.0,,11,
5,B,Boron,13369.4,1.3,20.20ms0.02,,17.0,β−=100;β−α=0.602,12,
5,B,Boron,16561.9,1.0,17.16ms0.18,,1956.0,β−=100;β−n=0.26636,13,
5,B,Boron,23664,21,12.36ms0.29,,21.0,β−=100;β−n=6.0423;,14,
5,B,Boron,28957,21,10.18ms0.35,,21.0,β−=100;β−n=98.710;,15,
5,B,Boron,37112,25,,,25.0,,16,
5,B,Boron,43720,200,5.08ms0.05,,200.0,β−=100;β−n=631;,17,
5,B,Boron,51790,200,<26ns,,200.0,n=100,18,
5,B,Boron,59770,530,2.92ms0.13,,530.0,β−=100;β−n=719;,19,
5,B,Boron,69400,550,,,550.0,n=100;β−n?;β−2n?,20,
5,B,Boron,78380,560,,,560.0,2n=100,21,
6,C,Carbon,35064,18,,0+,18.0,2p=100,8,
6,C,Carbon,28911.0,2.1,126.5ms0.9,,1964.0,β+=100;β+p=7.56;,9,
6,C,Carbon,15698.67,0.07,,0+,1949.0,β+=100,10,
6,C,Carbon,10649.40,0.06,,,1934.0,β+=100,11,
6,Ci,Carbon,22810,40,,,40.0,p=?,11,i
6,C,Carbon,0.0,0.0,STABLE,0+,17.0,IS=98.946,12,
6,Cj,Carbon,27595.0,2.4,,,17.0,,12,
6,Ci,Carbon,15108,3,,,17.0,IT=?;α?,12,i
6,C,Carbon,3125.0093,0.0002,STABLE,,1.0,IS=1.066,13,
6,Ci,Carbon,18233.8,1.1,,,0.0,IT=0.827;n?;α?,13,i
6,C,Carbon,3019.893,0.004,,0+,1.0,β−=100,14,
6,Ci,Carbon,25120,100,,,100.0,IT=100,14,i
6,C,Carbon,9873.1,0.8,,1/2+,2.0,β−=100,15,
6,C,Carbon,13694,4,750ms6,0+,99.0,β−=100;β−n=99.03,16,
6,C,Carbon,21032,17,193ms6,3/2+,17.0,β−=100;β−n=28.413;,17,
6,C,Carbon,24920,30,92ms2,0+,30.0,β−=100;β−n=31.515;,18,
6,C,Carbon,32410,100,46.2ms2.3,1/2+,100.0,β−=100;β−n=473;β−2n=73,19,
6,C,Carbon,37500,230,16ms3,0+,230.0,β−=100;β−n=7011;,20,
6,C,Carbon,45640#,600#,<30ns,,,,21,
6,C,Carbon,53610,230,6.2ms1.3,0+,230.0,β−=100;β−n=6114;β−2n<37,22,
6,C,Carbon,64170#,1000#,,,,,23,
7,N,Nitrogen,38800,400,,,400.0,,10,
7,N,Nitrogen,24366,5,,1/2+,585.0,p=100,11,
7,Nm,Nitrogen,25110,60,,,60.0,p=100,11,m
7,N,Nitrogen,17338.1,1.0,11.000ms0.016,,1949.0,β+=100;β+α=1.934,12,
7,N,Nitrogen,5345.48,0.27,,,0.0,β+=100,13,
7,N,Nitrogen,2863.4168,0.0002,STABLE,,1.0,IS=99.6205247,14,
7,N,Nitrogen,101.4381,0.0006,STABLE,,2.0,IS=0.3795247,15,
7,N,Nitrogen,5683.9,2.3,,,1933.0,β−=100;β−α=0.001545,16,
7,Nm,Nitrogen,5804.3,2.3,,,1957.0,IT≈100;β−=0.00038925,16,m
7,N,Nitrogen,7870,15,,,7870.0,β−=100;β−n=95.17;,17,
7,N,Nitrogen,13113,19,619.2ms1.9,,19.0,β−=100;β−n=7.015;,18,
7,N,Nitrogen,15856,16,336ms3,,16.0,β−=100;β−n=41.89,19,
7,N,Nitrogen,21770,80,136ms3,,80.0,β−=100;β−n=42.914;,20,
7,N,Nitrogen,25230,130,85ms5,,130.0,β−=100;β−n=873;β−2n?,21,
7,N,Nitrogen,31760,210,23ms3,,210.0,β−=100;β−n=343;,22,
7,N,Nitrogen,36720,420,13.9ms1.4,,420.0,β−=100;β−n=426;β−2n=84;,23,
7,N,Nitrogen,46940#,400#,<52ns,,,,24,
7,N,Nitrogen,55980#,500#,<260ns,,,,25,
8,O,Oxygen,47740,60,,,60.0,2p=100,11,
8,O,Oxygen,32013,12,,0+,12.0,2p=100,12,
8,O,Oxygen,23115,10,8.58ms0.05,,10.0,β+=100;β+p=10.92,13,
8,O,Oxygen,8007.781,0.025,,0+,1949.0,β+=100,14,
8,O,Oxygen,2855.6,0.5,,,1934.0,β+=100,15,
8,Oi,Oxygen,14020#,40#,,,,p=100,15,i
8,Oj,Oxygen,17984,4,,,99.0,,16,
8,Oi,Oxygen,8059,4,,,8059.0,IT=100,16,i
8,Op,Oxygen,8231.60,0.27,,,,p=784;α=224;IT=0.283,16,p
8,Oi,Oxygen,10270.02,0.17,,,99.0,β−?;n?;IT=0.4214,17,i
8,Oi,Oxygen,15495,20,,,20.0,,18,i
8,O,Oxygen,3332.9,2.6,,5/2+,1936.0,β−=100,19,
8,O,Oxygen,3796.2,0.9,,0+,98.0,β−=100,20,
8,O,Oxygen,8062,12,,,8062.0,β−=100;β−n?,21,
8,O,Oxygen,9280,60,,0+,9280.0,β−=100;β−n<22,22,
8,O,Oxygen,14620,120,97ms8,1/2+,120.0,β−=100;β−n=72,23,
8,O,Oxygen,18500,160,77.4ms4.5,0+,160.0,β−=100;β−n=434,24,
8,O,Oxygen,27330,170,,,170.0,n=100,25,
8,O,Oxygen,34660,160,,0+,160.0,2n=100,26,
8,O,Oxygen,44670#,500#,<260ns,,,,27,
8,O,Oxygen,52080#,700#,<100ns,0+,,2n?;β−=0,28,
9,F,Fluorine,42030#,500#,,,,,13,
9,F,Fluorine,31960,40,,,40.0,,14,
9,F,Fluorine,16567,14,,1/2+,14.0,p=100,15,
9,F,Fluorine,10675,5,,,21.0,p=100,16,
9,F,Fluorine,1951.70,0.25,,5/2+,1934.0,β+=100,17,
9,Fi,Fluorine,13144.7,1.9,,,99.0,,17,i
9,F,Fluorine,873.1,0.5,,1+,1937.0,β+=100,18,
9,Fi,Fluorine,1914.7,0.5,,,96.0,IT=100,18,i
9,Fi,Fluorine,6052.2,0.9,,,96.0,IT=100,19,i
9,Fi,Fluorine,6503,3,,,6503.0,,20,i
9,F,Fluorine,2793,12,,,2793.0,β−=100;β−n<11,22,
9,F,Fluorine,3290,30,,5/2+,3290.0,β−=100;β−n<14,23,
9,F,Fluorine,7540,100,384ms16,3+,7540.0,β−=100;β−n<5.9,24,
9,F,Fluorine,11330,100,80ms9,,100.0,β−=100;β−n=23.145;,25,
9,F,Fluorine,18670,110,8.2ms0.9,1+,110.0,β−=100;β−n=13.540;,26,
9,F,Fluorine,25130,120,5.0ms0.2,,120.0,β−=100;β−n=7721;β−2n?,27,
9,F,Fluorine,33400,120,,,120.0,n=100,28,
9,F,Fluorine,40150,530,2.5ms0.3,,530.0,β−=100;β−n=6040;β−2n?,29,
9,F,Fluorine,48960#,500#,<260ns,,,,30,
9,F,Fluorine,56840#,540#,2#ms>260ns,,1999.0,,31,
10,Ne,Neon,40220,70,,,70.0,2p=100,15,
10,Ne,Neon,23987,20,,0+,20.0,2p=100,16,
10,Ne,Neon,16500.5,0.4,109.2ms0.6,,1963.0,β+=100;β+p=94.429;,17,
10,Ne,Neon,5317.6,0.4,1664.20ms0.47,0+,1954.0,β+=100,18,
10,Ne,Neon,1752.05,0.16,,,1939.0,β+=100,19,
10,Ne,Neon,9253,9,,,9253.0,,19,i
10,Ne,Neon,3230.5,2.0,,,98.0,IT=100,20,i
10,Ne,Neon,3129.0,0.3,,,15.0,,21,i
10,Ne,Neon,5855,10,,,5855.0,,22,i
10,Ne,Neon,481,18,197ms2,0+,481.0,β−=100;β−n=0.133,26,
10,Ne,Neon,7050,90,30.9ms1.1,,7050.0,β−=100;β−n=2.05;β−2n?,27,
10,Ne,Neon,11300,130,18.8ms0.2,0+,130.0,β−=100;β−n=121;,28,
10,Ne,Neon,18400,150,14.7ms0.4,,150.0,β−=100;β−n=285;β−2n=41,29,
10,Ne,Neon,23280,250,7.22ms0.18,0+,250.0,β−=100;β−n=134;,30,
10,Ne,Neon,31180,270,3.4ms0.8,,270.0,β−=100;β−n?;β−2n?,31,
10,Ne,Neon,37000#,500#,3.5ms0.9,0+,11.0,β−=100;β−n?;β−2n?,32,
10,Ne,Neon,46130#,600#,<260ns,,,,33,
10,Ne,Neon,52840#,510#,,0+,2002.0,,34,
11,Na,Sodium,34720,60,,,60.0,p=100,17,
11,Na,Sodium,25040,90,,,90.0,p=?,18,
11,Na,Sodium,12929,11,,,11.0,p=100,19,
11,Na,Sodium,6850.5,1.1,447.9ms2.3,,1950.0,β+=100;β+α=25.04,20,
11,Na,Sodium,13348.9,1.2,,,98.0,p=100,20,i
11,Na,Sodium,6790,4,,,6790.0,,21,i
11,Na,Sodium,2680,7,43.2ms0.4,,2680.0,β−=100;β−n=223;β−2n?,29,
11,Na,Sodium,8475,5,45.9ms0.7,,8475.0,β−=100;β−n=28.622;,30,
11,Na,Sodium,12246,14,16.8ms0.3,,14.0,β−=100;β−n=36.035;,31,
11,Na,Sodium,18640,40,12.9ms0.3,,40.0,β−=100;β−n=266;,32,
11,Na,Sodium,23780,450,8.2ms0.4,,450.0,β−=100;β−n=476;,33,
11,Na,Sodium,31680,600,5.5ms1.0,1+,600.0,β−=100;β−2n≈50;β−n≈15,34,
11,Na,Sodium,37830#,670#,1.5ms0.5,,11.0,β−=100;β−n?;β−2n?,35,
11,Na,Sodium,45900#,690#,<180ns,,,,36,
11,Na,Sodium,53130#,690#,,,2002.0,,37,
11,Na,Sodium,61910#,720#,<400ns,,,,38,
11,Na,Sodium,69980#,740#,1#ms>400ns,,2019.0,,39,
12,Mg,Magnesium,31840,60,,,60.0,2p=100,19,
12,Mg,Magnesium,17477.7,1.9,90.4ms0.5,0+,1974.0,β+=100;β+p=30.312,20,
12,Mg,Magnesium,10903.9,0.8,120.0ms0.4,,1963.0,β+=100;β+p=20.121;,21,
12,Mg,Magnesium,13644,6,,,,α=?;p=?,22,i
12,Mg,Magnesium,2329.3,0.6,,,1981.0,IT≈100;p=0.178,23,i
12,Mg,Magnesium,4962.9,2.7,92.0ms1.2,,1979.0,β−=100;β−n=142;β−2n?,33,
12,Mg,Magnesium,8323,7,44.9ms0.4,0+,8323.0,β−=100;β−n=217;β−2n<0.1,34,
12,Mg,Magnesium,15640,270,11.3ms0.6,,270.0,β−=100;β−n=5246;β−2n?,35,
12,Mg,Magnesium,20380,690,3.9ms1.3,0+,690.0,β−=100;β−n=4812;β−2n?,36,
12,Mg,Magnesium,28210,700,8ms4,,700.0,,37,
12,Mg,Magnesium,34070#,500#,2#ms>260ns,0+,17.0,β−=100#;β−n?;β−2n?,38,
12,Mg,Magnesium,42780#,510#,<180ns,,18.0,,39,
12,Mg,Magnesium,49550#,500#,1#ms>170ns,0+,2007.0,,40,
12,Mg,Magnesium,58100#,500#,,,,,41,
13,Al,Aluminium,27090#,600#,<35ns,,,,21,
13,Al,Aluminium,18200#,400#,91.1ms0.5,(4)+,15.0,β+=100;β+p=553;,22,
13,Al,Aluminium,6748.1,0.3,446ms6,5/2+,1969.0,β+=100;β+p=1.225,23,
13,Al,Aluminium,18470,40,,,40.0,p=0.105;2p=3.64,23,i
13,Al,Aluminium,5900,3,,,5900.0,,24,i
13,Al,Aluminium,376.99,0.25,130ms3,1+,7.0,IT=82.530;β+=17.530;,24,m
13,Al,Aluminium,5950,150,90ms40,,5950.0,β−=100;β−n<31;β−2n?,36,
13,Al,Aluminium,9810,180,11.4ms0.3,,9810.0,β−=100;β−n=525;β−2n>1,37,
13,Al,Aluminium,16470#,150#,9.0ms0.7,,1989.0,β−=100;β−n=8419;β−2n?,38,
13,Al,Aluminium,21490#,300#,7.6ms1.6,,18.0,β−=100;β−n=9722;β−2n?,39,
13,Al,Aluminium,28820#,300#,10#ms>260ns,,17.0,,40,
13,Al,Aluminium,34590#,400#,6#ms>260ns,,1997.0,,41,
13,Al,Aluminium,41990#,500#,3#ms>170ns,,16.0,,42,
13,Al,Aluminium,48270#,600#,4#ms>170ns,,15.0,,43,
14,Si,Silicon,33640#,500#,28.7ms1.1,0+,1987.0,β+=100;β+p=625;,22,i
14,Si,Silicon,23950#,500#,42.3ms0.4,,1986.0,β+=100;β+p≈88;β+2p=3.63,23,i
14,Si,Silicon,10745,19,143.2ms2.1,0+,19.0,β+=100;β+p=34.514,24,i
14,Si,Silicon,3827,10,220.6ms1.0,5/2+,3827.0,β+=100;β+p=352,25,i
14,Si,Silicon,5874,4,,,5874.0,,26,i
14,Si,Silicon,2320,140,41.2ms4.1,,2320.0,β−=100;β−n=333;β−2n?,39,i
14,Si,Silicon,5670,120,31.2ms2.6,0+,5670.0,β−=100;β−n=385;β−2n?,40,i
14,Si,Silicon,13200#,300#,20.0ms2.5,,16.0,β−=100;β−n>55;β−2n?,41,i
14,Si,Silicon,16840#,300#,12.5ms3.5,0+,16.0,β−=100;β−n?;β−2n?,42,i
14,Si,Silicon,24330#,400#,30#ms>260ns,,2002.0,,43,i
14,Si,Silicon,29310#,500#,4#ms>360ns,0+,11.0,,44,i
14,Si,Silicon,37090#,600#,,,,,45,i
15,P,Phosphorus,34020#,500#,,,,,24,
15,P,Phosphorus,20190#,400#,<30ns,,,,25,
15,P,Phosphorus,10970#,200#,43.6ms0.3,(3)+,1983.0,β+=100;β+p=35.114;,26,
15,Pi,Phosphorus,12010,30,,,30.0,,27,i
15,P,Phosphorus,1090,100,48.5ms1.5,,1090.0,β−=100;β−n=5020;β−2n?,42,
15,P,Phosphorus,5040#,300#,35.8ms1.3,,1989.0,β−=100;β−n=100;β−2n?,43,
15,P,Phosphorus,11110#,400#,18.5ms2.5,,11.0,β−=100;β−n?;β−2n?,44,
15,P,Phosphorus,15960#,500#,10#ms>200ns,,8.0,,45,
15,P,Phosphorus,22840#,500#,9#ms>200ns,,1990.0,,46,
15,P,Phosphorus,28810#,600#,4#ms>400ns,,2018.0,,47,
16,S,Sulfur,27680#,600#,<79ns,0+,,,26,
16,S,Sulfur,17490#,400#,16.3ms0.2,,1986.0,β+=100;β+p=613;,27,
16,S,Sulfur,4070,160,125ms10,0+,4070.0,β+=100;β+p=20.719,28,
16,S,Sulfur,640#,400#,50ms8,0+,10.0,β−=100;β−n?;β−2n?,46,
16,S,Sulfur,7200#,400#,24#ms>200ns,,1989.0,,47,
16,S,Sulfur,12390#,500#,10#ms>200ns,0+,6.0,,48,
16,S,Sulfur,20390#,580#,4#ms>400ns,,2018.0,,49,
17,Cl,Chlorine,28270#,500#,>100ns,,2018.0,p=100,28,
17,Cl,Chlorine,14020#,190#,,,1993.0,p=100,29,
17,Cl,Chlorine,4675,24,>100ns,,4675.0,p=100,30,
17,Cl,Chlorine,5256,3,,,5256.0,,31,i
17,Cl,Chlorine,740#,400#,35#ms>200ns,,1989.0,,49,
17,Cl,Chlorine,7700#,400#,10#ms>620ns,,2009.0,,50,
17,Cl,Chlorine,14290#,700#,5#ms>200ns,,16.0,,51,
17,Cl,Chlorine,22360#,700#,2#ms>400ns,,2018.0,,52,
18,Ar,Argon,37970#,440#,>100ns,,2018.0,2p=100,29,r
18,Ar,Argon,22070#,180#,,0+,,2p=100,30,r
18,Ar,Argon,11330#,200#,15.0ms0.3,,1986.0,β+=100;β+p=68.33;,31,r
18,Ar,Argon,6790#,700#,20#ms>620ns,,2009.0,,53,r
18,Ar,Argon,12560#,800#,5#ms>400ns,0+,2018.0,,54,r
19,K,Potassium,34260#,300#,,,2019.0,3p=100,31,
19,K,Potassium,21990#,400#,,,,,32,
19,Km,Potassium,22940#,410#,,,,,32,m
19,K,Potassium,7540#,200#,<25ns,,,,33,
19,K,Potassium,470#,500#,10#ms>620ns,,2009.0,,55,
19,K,Potassium,7980#,600#,5#ms>620ns,,2009.0,,56,
19,K,Potassium,14130#,600#,2#ms>400ns,,2018.0,,57,
19,K,Potassium,21930#,700#,2#ms>400ns,,2019.0,,58,
19,K,Potassium,28750#,800#,1#ms>400ns,,2018.0,,59,
20,Ca,Calcium,31030#,400#,,,,,33,
20,Ca,Calcium,14890#,300#,<35ns,0+,,,34,
20,Ca,Calcium,5190#,200#,25.7ms0.2,,1985.0,β+=100;β+p=95.814;,35,
20,Ca,Calcium,5810#,600#,5#ms>400ns,,2018.0,,59,
20,Ca,Calcium,11000#,700#,2#ms>400ns,0+,2018.0,,60,
20,Ca,Calcium,19010#,800#,,,,,61,
21,Sc,Scandium,27100#,400#,,,,,35,
21,Sc,Scandium,3780#,300#,,,,,37,
21,Sc,Scandium,500#,600#,7#ms>620ns,,2009.0,,61,
21,Sc,Scandium,7310#,600#,2#ms>400ns,,2018.0,,62,
21,Sc,Scandium,13070#,700#,,,,,63,
22,Ti,Titanium,25170#,400#,,,,,37,i
22,Ti,Titanium,11370#,300#,<120ns,0+,,,38,i
22,Ti,Titanium,2500#,200#,28.5ms0.9,,1990.0,β+=100;β+p=93.728;,39,i
22,Ti,Titanium,5210#,700#,,,,,65,i
23,V,Vanadium,22570#,400#,,,,,39,
23,V,Vanadium,12470#,300#,,,,,40,
23,V,Vanadium,310#,200#,,,,,41,
24,Cr,Chromium,20410#,400#,,,,,41,r
24,Cr,Chromium,7060#,300#,13.3ms1.0,0+,16.0,β+≈100;β+p=94.450;2p?,42,r
25,Mn,Manganese,17370#,400#,,,,,43,n
25,Mn,Manganese,7460#,300#,<105ns,,11.0,,44,n
26,Fe,Iron,14410#,280#,2.5ms0.2,,1996.0,2p=704;β+=304;,45,
26,Fe,Iron,1210#,300#,13.0ms2.0,0+,1992.0,β+=100;β+p=78.738;,46,
27,Co,Cobalt,10620#,600#,,,,,47,o
27,Co,Cobalt,1730#,500#,,,6.0,,48,o
28,Ni,Nickel,29580,4,,,,,12,i
28,Ni,Nickel,20410.59,0.18,,,0.0,IT=4.93;p?;α?,13,i
28,Ni,Nickel,5176.007,0.010,,,1963.0,IT=100,14,i
28,Ni,Nickel,11717,4,,,2.0,n?;p?;IT=0.0052319,15,i
28,Ni,Nickel,15613,7,,,9929.0,,16,i
28,Ni,Nickel,18180#,420#,2.8ms0.8,0+,2000.0,2p=7020;β+=3020;β+p?,48,i
28,Ni,Nickel,8530#,600#,7.5ms1.0,,8.0,β+=100;β+p=83.413.2,49,i
61,Pm,Promethium,11130#,200#,,,115.0,IT=100,26,m
79,Au,Gold,2680#,400#,>300ns,,2010.0,,210,u
80,Hg,Mercury,5420#,300#,,0+,310.0,α=100,170,
80,Hg,Mercury,3340#,310#,,,70.0,,171,
80,Hg,Mercury,3020#,300#,>300ns,0+,2010.0,,212,
80,Hg,Mercury,8200#,300#,>300ns,,2010.0,,213,
80,Hg,Mercury,11770#,400#,>300ns,0+,2010.0,,214,
80,Hg,Mercury,17110#,400#,600#ms>300ns,,2010.0,,215,
80,Hg,Mercury,20920#,400#,>300ns,0+,2010.0,,216,
81,Tl,Thallium,580,80,6.2ms2.3,,580.0,,176,
81,Tl,Thallium,1784,27,,,1784.0,β−=100;β−n=7.634,213,
81,Tl,Thallium,2460#,300#,,,,IT=100,213,m
81,Tl,Thallium,3030#,100#,,,,IT=100,213,n
81,Tl,Thallium,6470#,200#,,,2010.0,β−=100;β−n=3412,214,
81,Tl,Thallium,10030#,300#,,,2010.0,β−=100;β−n=4.646,215,
81,Tl,Thallium,14870#,300#,,,2010.0,β−=100;β−n<11.5,216,
81,Tl,Thallium,18660#,400#,>300ns,,2010.0,,217,
81,Tl,Thallium,23710#,400#,,,,,218,
82,Pb,Lead,3573,23,,0+,3573.0,,178,
82,Pb,Lead,2050,80,2.7ms0.2,,2050.0,α=100,179,
82,Pb,Lead,1237,20,,,1237.0,IT=100,214,m
82,Pb,Lead,4340,50,,,4340.0,β−=100,215,
82,Pb,Lead,7510#,200#,,0+,2010.0,β−=100,216,
82,Pb,Lead,9020#,200#,,,1514.0,IT=100,216,m
82,Pb,Lead,12260#,300#,,,2010.0,β−=100,217,
82,Pb,Lead,15630#,300#,,0+,2009.0,β−=100,218,
82,Pb,Lead,20620#,400#,>300ns,,2009.0,,219,
82,Pb,Lead,24130#,400#,>300ns,0+,2010.0,,220,
83,Bi,Bismuth,33546,8,,,5.0,,8,i
83,Bi,Bismuth,27071.0,2.3,,,6.0,,9,i
83,Bi,Bismuth,13790.66,0.04,,,7.0,IT=100,10,i
83,Bi,Bismuth,21228,9,,,12.0,,11,i
83,Bi,Bismuth,26088,19,,,19.0,,12,i
83,Bi,Bismuth,40728,20,,,20.0,,14,i
83,Bi,Bismuth,1250#,120#,6.6ms1.5,,10.0,α=100,184,i
83,Bi,Bismuth,1400#,160#,13ms2,,10.0,α=100,184,m
83,Bi,Bismuth,1629,6,,,1629.0,β−=100,215,i
83,Bi,Bismuth,2996#,21#,,,13.0,IT=76.95;β−=23.15,215,m
83,Bi,Bismuth,5874,11,,,5874.0,β−=100,216,i
83,Bi,Bismuth,5898,15,,,5898.0,β−=100,216,m
83,Bi,Bismuth,8730,18,,,8730.0,β−=100,217,i
83,Bi,Bismuth,10221,27,,,27.0,IT=100,217,m
83,Bi,Bismuth,13216,27,,,27.0,β−=100,218,i
83,Bi,Bismuth,16320#,200#,,,2009.0,β−=100;β−n?,219,i
83,Bi,Bismuth,20960#,300#,,,2010.0,β−=100;β−n?,220,i
83,Bi,Bismuth,24200#,300#,>300ns,,2009.0,,221,i
83,Bi,Bismuth,28950#,300#,>300ns,,2009.0,,222,i
83,Bi,Bismuth,32240#,400#,>300ns,,2009.0,,223,i
83,Bi,Bismuth,37070#,400#,>300ns,,2010.0,,224,i
84,Po,Polonium,4102,18,,0+,4102.0,,186,o
84,Po,Polonium,2830,40,0.5ms,,2830.0,,187,m
84,Po,Polonium,2820,30,1.40ms0.25,,2820.0,,187,o
84,Po,Polonium,1782.3,1.8,144.0ms0.6,0+,1910.0,α=100;2β−?,216,o
84,Po,Polonium,5883,7,,,5883.0,α=97.514;β−=2.514,217,o
84,Po,Polonium,8356.7,2.0,,0+,19.0,α=99.9802;β−=0.0202,218,o
84,Po,Polonium,12681,16,,,16.0,β−=71.820;α=28.220,219,o
84,Po,Polonium,15263,18,>300ns,0+,18.0,,220,o
84,Po,Polonium,19774,20,,,20.0,β−=100,221,o
84,Po,Polonium,22490,40,,0+,40.0,β−=100,222,o
84,Po,Polonium,27080#,200#,>300ns,,2010.0,,223,o
84,Po,Polonium,29910#,200#,m>300ns,0+,2010.0,,224,o
84,Po,Polonium,34580#,300#,>300ns,,2010.0,,225,o
84,Po,Polonium,37550#,400#,m>300ns,0+,2010.0,,226,o
84,Po,Polonium,42280#,400#,>300ns,,16.0,,227,o
85,At,Astatine,3922,18,2.2ms0.4,,3922.0,,191,m
85,At,Astatine,3864,16,2.1ms0.8,1/2+,3864.0,,191,t
85,At,Astatine,2926,28,88ms6,,2926.0,α=100;β+?;β+SF<0.51,192,m
85,At,Astatine,2926,28,11.5ms0.6,,2926.0,α=100;β+?;β+SF<0.51,192,t
85,At,Astatine,2417,10,,,2417.0,α=100,216,m
85,At,Astatine,2257,4,,,2257.0,,216,t
85,At,Astatine,4395,5,32.6ms0.3,,4395.0,α=99.9922;β−=0.0082,217,t
85,At,Astatine,8100,12,,,8100.0,,218,t
85,At,Astatine,10396,3,,,56.0,α=93.610;β−=6.410,219,t
85,At,Astatine,14376,14,,,14.0,β−=922;α=82,220,t
85,At,Astatine,16783,14,,,14.0,β−=100,221,t
85,At,Astatine,20953,16,,,16.0,β−=100,222,t
85,At,Astatine,23428,14,,,14.0,,223,t
85,At,Astatine,27711,22,,,22.0,β−=100,224,t
85,At,Astatine,30300#,300#,>300ns,,2010.0,,225,t
85,At,Astatine,34660#,300#,m>300ns,,2010.0,,226,t
85,At,Astatine,37430#,300#,>300ns,,16.0,,227,t
85,At,Astatine,41880#,400#,m>300ns,,2010.0,,228,t
85,At,Astatine,44890#,400#,>300ns,,2010.0,,229,t
86,Rn,Radon,9043,25,1.15ms0.27,,9043.0,,193,n
86,Rn,Radon,5725,17,,0+,5725.0,,194,n
86,Rn,Radon,5131,17,6ms3,13/2+,5131.0,α=100,195,m
86,Rn,Radon,5050,50,7ms3,,5050.0,α=100,195,n
86,Rn,Radon,1975,14,4.7ms1.1,0+,1975.0,,196,n
86,Rn,Radon,1709,16,25.6ms2.5,13/2+,1709.0,,197,m
86,Rn,Radon,1510,16,54ms6,,1510.0,,197,n
86,Rn,Radon,150#,21#,,,201.0,IT=100,211,n
86,Rn,Radon,269,14,,,269.0,IT=100,213,p
86,Rn,Radon,275,9,,,275.0,IT=100,214,m
86,Rn,Radon,253,6,,0+,253.0,α=100,216,n
86,Rn,Radon,3659,4,,9/2+,3659.0,α=100,217,n
86,Rn,Radon,5217.4,2.3,33.75ms0.15,0+,19.0,α=100,218,n
86,Rn,Radon,8829.3,2.1,,,1.0,α=100,219,n
86,Rn,Radon,10612.0,1.8,,0+,11.0,α=100;2β−?,220,n
86,Rn,Radon,14471,6,,,1956.0,β−=781;α=221,221,n
86,Rn,Radon,16372.0,1.9,,0+,1899.0,α=100,222,n
86,Rn,Radon,20390,8,,,1.0,β−=100;α?,223,n
86,Rn,Radon,22445,10,,0+,10.0,β−=100,224,n
86,Rn,Radon,26534,11,,,11.0,β−=100,225,n
86,Rn,Radon,28747,10,,0+,10.0,β−=100,226,n
86,Rn,Radon,32886,14,,,14.0,β−=100,227,n
86,Rn,Radon,35243,18,,0+,18.0,β−=100,228,n
86,Rn,Radon,39362,13,,,13.0,β−=100,229,n
86,Rn,Radon,42170#,200#,>300ns,0+,2010.0,,230,n
86,Rn,Radon,46550#,300#,>300ns,,2010.0,,231,n
87,Fr,Francium,10250,60,2.3ms1.9,,60.0,,197,r
87,Fr,Francium,9580,40,1.1ms0.7,,9580.0,,198,m
87,Fr,Francium,9580,30,15ms3,,9580.0,,198,r
87,Fr,Francium,6817,10,6.5ms0.9,,6817.0,,199,m
87,Fr,Francium,7020#,50#,2.2ms1.2,,,,199,n
87,Fr,Francium,6771,14,6.6ms2.2,,6771.0,,199,r
87,Fr,Francium,6180,60,190ms120,,6180.0,,200,m
87,Fr,Francium,6280#,60#,,,790.0,,200,n
87,Fr,Francium,6130,30,47.5ms2.8,,6130.0,α=100;β+?;β+SF?,200,r
87,Fr,Francium,3718,10,24ms6,1/2+,3718.0,α=100,201,m
87,Fr,Francium,3879,9,,13/2+,3879.0,IT=100,201,n
87,Fr,Francium,3589,9,62.8ms1.9,,3589.0,,201,r
87,Fr,Francium,3359,6,286ms13,,3359.0,α≈100;IT=?;β+?,202,m
87,Fr,Francium,3102,6,372ms12,,3102.0,,202,r
87,Fr,Francium,1237,7,43ms4,1/2+,1237.0,IT=804;α=204,203,m
87,Fr,Francium,1302,6,,13/2+,1302.0,IT=100,203,n
87,Fr,Francium,876,6,550ms10,,876.0,,203,r
87,Fr,Francium,658,25,,,658.0,α=902;β+?,204,m
87,Fr,Francium,934,25,,,934.0,α=5310;IT=4710,204,n
87,Fr,Francium,607,25,,,607.0,α=962;β+?,204,r
87,Fr,Francium,878,12,,,878.0,IT=100,209,m
87,Fr,Francium,1073,13,,(23)+,1073.0,IT=100,210,m
87,Fr,Francium,517,12,,,517.0,IT=100,211,n
87,Fr,Francium,2339,9,,,2339.0,IT=100,212,p
87,Fr,Francium,5017,9,,,5017.0,IT=100,212,q
87,Fr,Francium,4541,5,,,4541.0,IT=100,213,p
87,Fr,Francium,5620#,100#,,,108.0,IT=100,214,p
87,Fr,Francium,318,7,,,318.0,α=100,215,r
87,Fr,Francium,3190,6,,,3190.0,,216,m
87,Fr,Francium,2971,4,,,2971.0,α=100;β+?,216,r
87,Fr,Francium,4315,7,,,4315.0,α=100,217,r
87,Fr,Francium,7147,5,21.9ms0.5,,7147.0,,218,m
87,Fr,Francium,7059,4,1.4ms0.5,,7059.0,α=100,218,r
87,Fr,Francium,8617,7,22.5ms1.7,,8617.0,α=100,219,r
87,Fr,Francium,11482,4,,,11.0,α≈100;β−=0.355,220,r
87,Fr,Francium,13277,5,,,1947.0,α≈100;β−=0.004815;,221,r
87,Fr,Francium,16378,7,,,11.0,β−=100,222,r
87,Fr,Francium,18382.3,1.9,,,1.0,β−≈100;α=0.006,223,r
87,Fr,Francium,21749,11,,,11.0,β−=100,224,r
87,Fr,Francium,21850#,100#,,,,,224,x
87,Fr,Francium,23821,12,,,12.0,β−=100,225,r
87,Fr,Francium,27521,6,,,1969.0,β−=100,226,r
87,Fr,Francium,29682,6,,,16.0,β−=100,227,r
87,Fr,Francium,34390,30,,,30.0,,228,m
87,Fr,Francium,33384,7,,,38.0,β−=100,228,r
87,Fr,Francium,35668,5,,,1975.0,β−=100,229,r
87,Fr,Francium,39487,7,,,12.0,β−=100,230,r
87,Fr,Francium,42081,8,,,1985.0,β−=100,231,r
87,Fr,Francium,46073,14,,,14.0,β−=100;β−SF?,232,r
87,Fr,Francium,48920,20,900ms100,,20.0,β−=100;β−n?,233,r
88,Ra,Radium,11937,20,20ms30,,20.0,α=100,201,
88,Ra,Radium,12200,26,6ms5,13/2+,26.0,α=100,201,m
88,Ra,Radium,9075,15,4.1ms1.1,0+,9075.0,α=100,202,
88,Ra,Radium,8601,10,36ms13,,8601.0,,203,
88,Ra,Radium,8848,10,25ms5,13/2+,8848.0,,203,m
88,Ra,Radium,6061,9,60ms9,0+,6061.0,,204,
88,Ra,Radium,5804,23,220ms50,,5804.0,,205,
88,Ra,Radium,6067,11,180ms50,13/2+,6067.0,,205,m
88,Ra,Radium,3566,18,240ms20,0+,3566.0,,206,
88,Ra,Radium,3510,60,,,3510.0,,207,
88,Ra,Radium,4071,10,57ms8,13/2+,4071.0,IT=85#;α=?;β+?,207,m
88,Ra,Radium,1728,9,,0+,1728.0,α=873;β+?,208,
88,Ra,Radium,3875,9,,,3875.0,IT=100,208,m
88,Ra,Radium,1858,6,,,1858.0,,209,
88,Ra,Radium,2740,6,,13/2+,2740.0,,209,m
88,Ra,Radium,443,9,,0+,443.0,,210,
88,Ra,Radium,2494,9,,8+,2494.0,IT=100,210,m
88,Ra,Radium,832,5,,,832.0,,211,
88,Ra,Radium,2030,5,,13/2+,2030.0,IT=100,211,m
88,Ra,Radium,1759,10,,8+,1759.0,IT=100,212,m
88,Ra,Radium,2414,10,,,2414.0,IT=100,212,n
88,Ra,Radium,346,10,,,346.0,α=872;β+=132,213,
88,Ra,Radium,2114,11,2.20ms0.05,,2114.0,IT≈99;α=0.64,213,m
88,Ra,Radium,93,5,,0+,93.0,α=99.9414;β+=0.0594,214,
88,Ra,Radium,1913,5,,6+,1913.0,IT=100,214,m
88,Ra,Radium,1958,5,,8+,1958.0,IT=99.917;α=0.097,214,n
88,Ra,Radium,2776,5,,,2776.0,IT=100,214,p
88,Ra,Radium,3571,5,,14+,3571.0,IT=100,214,q
88,Ra,Radium,4240,5,,,4240.0,IT=100,214,r
88,Ra,Radium,6670,5,,,6670.0,IT=100,214,x
88,Ra,Radium,2532,7,1.669ms0.009,,2532.0,α=100,215,
88,Ra,Radium,4410,7,,,4410.0,IT=100,215,m
88,Ra,Radium,4779,7,,,4779.0,IT=100,215,n
88,Ra,Radium,6340#,50#,,,555.0,IT=100,215,p
88,Ra,Radium,3291,8,,0+,3291.0,α=100;ε<1e-8,216,
88,Ra,Radium,5890,7,,,5890.0,α=100,217,
88,Ra,Radium,6646,10,,0+,6646.0,α=100,218,
88,Ra,Radium,9394,7,9ms2,(7/2)+,9394.0,α=100,219,
88,Ra,Radium,9411,7,10ms3,(11/2)+,9411.0,,219,m
88,Ra,Radium,10272,8,18.1ms1.2,0+,1949.0,α=100,220,
88,Ra,Radium,12964,5,,,25.0,α=100;14C=1.2e-109,221,
88,Ra,Radium,14320,4,,0+,1948.0,α=100;14C=3.0e-810,222,
88,Ra,Radium,17233.2,2.1,,,1905.0,α=100;14C=8.9e-84,223,
88,Ra,Radium,18825.8,1.8,,0+,1902.0,α=100;14C=4.0e-912,224,
88,Ra,Radium,21993.0,2.6,,,1947.0,β−=100,225,
88,Ra,Radium,23667.6,1.9,,0+,1898.0,α=100;14C=2.6e-96;2β−?,226,
88,Ra,Radium,27177.5,1.9,,,16.0,β−=100,227,
88,Ra,Radium,28940.2,2.0,,0+,14.0,β−=100,228,
88,Ra,Radium,32562,15,,,15.0,β−=100,229,
88,Ra,Radium,34516,10,,0+,10.0,β−=100,230,
88,Ra,Radium,38216,11,,,11.0,β−=100,231,
88,Ra,Radium,38282,11,,,11.0,IT=100,231,m
88,Ra,Radium,40497,9,,0+,1983.0,β−=100,232,
88,Ra,Radium,44334,9,,,30.0,β−=100,233,
88,Ra,Radium,46931,8,,0+,30.0,β−=100;β−SF?,234,
88,Ra,Radium,51130#,300#,,,,,235,
89,Ac,Actinium,14110,60,80ms60,,60.0,,205,
89,Ac,Actinium,13480,70,25ms7,3+,70.0,,206,
89,Ac,Actinium,13690,30,41ms16,,30.0,,206,m
89,Ac,Actinium,11150,60,31ms8,,60.0,,207,
89,Ac,Actinium,10760,60,97ms15,3+,60.0,,208,
89,Ac,Actinium,11258,28,28ms7,,28.0,,208,m
89,Ac,Actinium,8840,60,94ms10,,8840.0,,209,
89,Ac,Actinium,8760,60,350ms40,,8760.0,,210,
89,Ac,Actinium,7140,50,213ms25,,7140.0,,211,
89,Ac,Actinium,7300,22,895ms28,,7300.0,,212,
89,Ac,Actinium,6141,12,738ms16,,6141.0,,213,
89,Ac,Actinium,6433,14,,,6433.0,α=934;β+=74,214,
89,Ac,Actinium,6031,12,171ms10,,6031.0,α≈100;β+=0.092,215,
89,Ac,Actinium,7827,12,,,7827.0,IT=100,215,m
89,Ac,Actinium,8520#,50#,,,335.0,IT=100,215,n
89,Ac,Actinium,8150,9,,,8150.0,α=100;β+?,216,
89,Ac,Actinium,8188,10,,,8188.0,α=100;β+?,216,m
89,Ac,Actinium,8570#,100#,,,7.0,IT=100,216,n
89,Ac,Actinium,8702,11,,,8702.0,,217,
89,Ac,Actinium,10715,18,,29/2+,18.0,IT=95.491810;α=4.5118,217,m
89,Ac,Actinium,10850,60,,,60.0,α=100,218,
89,Ac,Actinium,10900,90,,,90.0,,218,m
89,Ac,Actinium,11460#,110#,,,103.0,IT=100,218,n
89,Ac,Actinium,11570,50,,,50.0,α=100;β+?,219,
89,Ac,Actinium,13744,6,26.36ms0.19,,1970.0,α=100;β+?,220,
89,Ac,Actinium,14530,60,52ms2,,60.0,α=100,221,
89,Ac,Actinium,16622,5,,,11.0,α=991;β+=11,222,
89,Ac,Actinium,16700,21,,,21.0,,222,m
89,Ac,Actinium,17825,7,,,1.0,,223,
89,Ac,Actinium,20234,4,,,15.0,β+=90.517;α=9.517;β−?,224,
89,Ac,Actinium,21637,5,,,1947.0,α=100;14C=5.3e-1013,225,
89,Ac,Actinium,24309,3,,,96.0,β−=833;ε=173;,226,
89,Ac,Actinium,25849.5,1.9,,,16.0,β−=98.6236;α=1.3836,227,
89,Ac,Actinium,28894.7,2.1,,,14.0,β−=100,228,
89,Ac,Actinium,29430,30,,,30.0,,228,m
89,Ac,Actinium,30690,12,,3/2+,12.0,β−=100,229,
89,Ac,Actinium,33838,16,,,16.0,β−=100;β−SF=1.2e-64,230,
89,Ac,Actinium,35763,13,,1/2+,13.0,β−=100,231,
89,Ac,Actinium,39154,13,,,13.0,β−=100,232,
89,Ac,Actinium,41308,13,,,13.0,β−=100,233,
89,Ac,Actinium,44841,14,,,14.0,β−=100,234,
89,Ac,Actinium,44980,30,,,30.0,,234,m
89,Ac,Actinium,45460,30,,,30.0,,234,n
89,Ac,Actinium,47357,14,,,14.0,β−=100,235,
89,Ac,Actinium,51220,40,,,40.0,β−=100,236,
89,Ac,Actinium,54020#,400#,,,,,237,
90,Th,Thorium,16690,30,2.4ms1.2,0+,30.0,,208,
90,Th,Thorium,16400#,100#,,,,,209,
90,Th,Thorium,16765,25,3.1ms1.2,13/2+,25.0,,209,m
90,Th,Thorium,14060,19,16.0ms3.6,0+,19.0,,210,
90,Th,Thorium,13880,90,48ms20,,90.0,,211,
90,Th,Thorium,12111,10,31.7ms1.3,0+,10.0,,212,
90,Th,Thorium,12120,9,144ms21,,7.0,,213,
90,Th,Thorium,13300,9,,(13/2)+,,IT=100,213,m
90,Th,Thorium,12380#,50#,,,,,213,p
90,Th,Thorium,10695,11,87ms10,0+,11.0,,214,
90,Th,Thorium,12876,11,,,11.0,IT=100,214,m
90,Th,Thorium,10921,6,,,1968.0,α=100,215,
90,Th,Thorium,12390#,50#,,,770.0,IT=100,215,m
90,Th,Thorium,10299,11,26.28ms0.16,0+,11.0,,216,
90,Th,Thorium,12340,12,,8+,12.0,IT=97.29;α=2.89,216,m
90,Th,Thorium,12947,14,,,14.0,IT=100,216,n
90,Th,Thorium,13981,14,,,14.0,IT=100,216,p
90,Th,Thorium,12206,11,,,11.0,α=100,217,
90,Th,Thorium,12879,11,,,11.0,IT=100,217,m
90,Th,Thorium,14510,30,,,30.0,IT=100,217,n
90,Th,Thorium,12367,11,,0+,11.0,α=100,218,
90,Th,Thorium,14460,60,,,60.0,α=100;β+?,219,
90,Th,Thorium,14690,14,,0+,14.0,α=100;ε?,220,
90,Th,Thorium,16940,8,1.75ms0.02,,1970.0,α=100,221,
90,Th,Thorium,17203,10,2.24ms0.03,0+,10.0,α=100;ε?,222,
90,Th,Thorium,19385,8,600ms20,(5/2)+,1.0,α=100,223,
90,Th,Thorium,19996,10,,0+,10.0,α=100;2β+?,224,
90,Th,Thorium,22310,5,,3/2+,1949.0,,225,
90,Th,Thorium,23198,4,,0+,1948.0,α=100;18O<3.2e-12,226,
90,Th,Thorium,25804.8,2.1,,,1906.0,α=100,227,
90,Th,Thorium,26770.9,1.8,,0+,1905.0,α=100;20O=1.13e-1122,228,
90,Th,Thorium,29585.5,2.4,,,1947.0,α=100,229,
90,Th,Thorium,29585.5,2.4,,,1994.0,IT=100,229,m
90,Th,Thorium,30862.5,1.2,,0+,12.0,IS=0.022;α=100;SF<4e-12;,230,
90,Th,Thorium,33815.8,1.2,,5/2+,13.0,β−=100,231,
90,Th,Thorium,35446.7,1.4,14.0Gy0.1,0+,1898.0,IS=99.982;α=100;,232,
90,Th,Thorium,38731.6,1.4,,1/2+,20.0,β−=100,233,
90,Th,Thorium,38737.7,1.4,,,,,233,m
90,Th,Thorium,40613.0,2.6,,0+,1900.0,β−=100;α?,234,
90,Th,Thorium,44018,13,,,13.0,β−=100,235,
90,Th,Thorium,46255,14,,0+,14.0,β−=100,236,
90,Th,Thorium,49955,16,,,16.0,β−=100,237,
90,Th,Thorium,52530#,280#,,0+,15.0,β−=100,238,
90,Th,Thorium,56500#,400#,,,,,239,
91,Pa,Protactinium,22050,70,6ms3,,70.0,,211,
91,Pa,Protactinium,21600,90,5.8ms1.9,,90.0,α=100,212,
91,Pa,Protactinium,19650,60,7.4ms2.4,,60.0,α=100,213,
91,Pa,Protactinium,19460,80,17ms3,,80.0,,214,
91,Pa,Protactinium,17800,80,14ms2,,80.0,α=100,215,
91,Pa,Protactinium,17824,25,105ms12,,25.0,,216,
91,Pa,Protactinium,17055,12,3.8ms0.2,,12.0,α=100;β−?,217,
91,Pa,Protactinium,18915,13,1.08ms0.03,,13.0,α=734;IT?,217,m
91,Pa,Protactinium,18650,18,,,18.0,α=100,218,
91,Pa,Protactinium,18731,20,,,20.0,α=100,218,m
91,Pa,Protactinium,18580,70,,,70.0,α=100;β+?,219,
91,Pa,Protactinium,20278,15,,,15.0,α=100;β+?,220,
91,Pa,Protactinium,20304,22,,,22.0,α=100,220,m
91,Pa,Protactinium,20570,50,,,50.0,α=100,220,n
91,Pa,Protactinium,20370,60,,,60.0,α=100,221,
91,Pa,Protactinium,22060,90,3.8ms0.2,,90.0,α=100,222,
91,Pa,Protactinium,22340,80,5.3ms0.3,,80.0,α=100;β+?,223,
91,Pa,Protactinium,23862,8,844ms19,,15.0,,224,
91,Pa,Protactinium,24360,80,,,80.0,α=100,225,
91,Pa,Protactinium,26034,11,,,11.0,α=745;β+=265,226,
91,Pa,Protactinium,26830,7,,,16.0,α=852;ε=152,227,
91,Pa,Protactinium,28924,4,,3+,22.0,β+=98.1517;α=1.8517,228,
91,Pa,Protactinium,29897,3,,5/2+,1949.0,ε=99.515;α=0.495,229,
91,Pa,Protactinium,29909,3,,,420.0,IT=100,229,m
91,Pa,Protactinium,32174,3,,,14.0,β+=92.27;β−=7.87;,230,
91,Pa,Protactinium,33424.3,1.8,,,1918.0,IS=100;α=100;SF<3e-10;,231,
91,Pa,Protactinium,35947,8,,,6.0,,232,
91,Pa,Protactinium,37489.4,1.3,,,20.0,β−=100,233,
91,Pa,Protactinium,40339,4,,4+,7.0,β−=100,234,
91,Pa,Protactinium,40417.9,2.8,,,79.0,β−≈100;IT=0.164,234,m
91,Pa,Protactinium,42289,14,,,14.0,β−=100,235,
91,Pa,Protactinium,45334,14,,,14.0,β−=100;β−SF=6e-84,236,
91,Pa,Protactinium,47528,13,,1/2+,13.0,β−=100,237,
91,Pa,Protactinium,50894,16,,,16.0,β−=100;β−SF<2.6e-6,238,
91,Pa,Protactinium,53340#,200#,,,14.0,β−=100,239,
91,Pa,Protactinium,57010#,200#,,,,,240,
91,Pa,Protactinium,59740#,300#,,,,,241,
92,U,Uranium,24890,100,1.4ms0.9,,100.0,α=?;β+?,215,
92,U,Uranium,23066,28,6.9ms2.9,0+,28.0,α=100,216,
92,Um,Uranium,25320,30,1.4ms0.9,,30.0,α=100,216,m
92,U,Uranium,22970#,80#,,,850.0,,217,
92,U,Uranium,21895,14,,0+,14.0,α=100,218,
92,Um,Uranium,24004,18,,,18.0,α≈100;IT=?,218,m
92,U,Uranium,23296,13,,,13.0,α=100;β+?,219,
92,U,Uranium,23010#,100#,,0+,,,220,
92,U,Uranium,24520,70,,,70.0,,221,
92,U,Uranium,24270,50,,0+,50.0,α=100;β+?,222,
92,U,Uranium,26050,60,,,60.0,α=100;β+?,223,
92,U,Uranium,25743,15,,0+,15.0,α=100;β+?,224,
92,U,Uranium,27372,10,62ms4,,10.0,α=100,225,
92,U,Uranium,27329,11,269ms6,0+,11.0,α=100,226,
92,U,Uranium,29045,9,,,16.0,α=100;β+?,227,
92,U,Uranium,29220,13,,0+,13.0,α=97.51.4;ε=2.514,228,
92,U,Uranium,31211,6,,3/2+,1949.0,,229,
92,U,Uranium,31615,5,,0+,1948.0,α=100;22Ne=4.8e-1220;,230,
92,U,Uranium,33806.0,2.7,,,13.0,ε≈100;α=0.0041,231,
92,U,Uranium,34609.4,1.8,,0+,6.0,α=100;24Ne=8.9e-107;,232,
92,U,Uranium,36919.1,2.3,,,20.0,α=100;SF<6e-11;,233,
92,U,Uranium,38145.0,1.1,,0+,7.0,IS=0.00545;α=100;,234,
92,Um,Uranium,39566.3,1.1,,,7.0,IT=100,234,m
92,U,Uranium,40918.8,1.1,704My1,,14.0,IS=0.72046;α=100;,235,
92,Um,Uranium,40918.9,1.1,,1/2+,1966.0,IT=100,235,m
92,Un,Uranium,43420,300,3.6ms1.8,,300.0,,235,n
92,U,Uranium,42444.6,1.1,23.42My0.04,0+,6.0,α=100;SF=9.4e-84,236,
92,Um,Uranium,43497.1,1.3,,,100.0,IT=100,236,m
92,Un,Uranium,45195,3,,,2750.0,IT=876;SF=136;α?,236,n
92,U,Uranium,45390.1,1.2,,1/2+,6.0,β−=100,237,
92,Um,Uranium,45664.1,1.6,,,155.0,IT=100,237,m
92,U,Uranium,47307.7,1.5,4.463Gy0.003,0+,1896.0,IS=99.274210;α=100;,238,
92,Um,Uranium,49865.6,1.6,,0+,280.0,IT=97.44;SF=2.64,238,m
92,U,Uranium,50572.7,1.5,,5/2+,14.0,β−=100,239,
92,Um,Uranium,50706.5,1.5,,1/2+,780.0,IT=100,239,m
92,Un,Uranium,53070#,900#,,,1994.0,,239,n
92,U,Uranium,52715.5,2.6,,0+,8.0,β−=100;α?,240,
92,U,Uranium,56200#,200#,,,15.0,,241,
92,U,Uranium,58620#,200#,,0+,2.0,β−=100,242,
92,U,Uranium,62480#,300#,,,,,243,
93,Np,Neptunium,29440,90,,,90.0,α=100,219,p
93,Np,Neptunium,30480,30,,,30.0,α=100,220,p
93,Np,Neptunium,29910#,200#,,,,,221,p
93,Np,Neptunium,31270,40,,,40.0,α=100,222,p
93,Np,Neptunium,30660,80,,,80.0,α=100,223,p
93,Np,Neptunium,32032,29,,,29.0,α=100,224,p
93,Np,Neptunium,31620,90,6.5ms3.5,,90.0,α=100;β+?,225,p
93,Np,Neptunium,32820,100,35ms10,,100.0,α=100;β+?,226,p
93,Np,Neptunium,32580,80,510ms60,,80.0,,227,p
93,Np,Neptunium,33830#,100#,,,1994.0,ε=597;α=417;,228,p
93,Np,Neptunium,33800,100,,,100.0,α=6811;β+?,229,p
93,Np,Neptunium,33960#,110#,,,,,229,p
93,Np,Neptunium,35240,60,,,60.0,,230,p
93,Np,Neptunium,35620,50,,,50.0,β+=981;α=21,231,p
93,Np,Neptunium,37360#,100#,,,6.0,,232,p
93,Np,Neptunium,37950,50,,,50.0,,233,p
93,Np,Neptunium,38000#,60#,,,,,233,p
93,Np,Neptunium,39955,8,,,7.0,β+=100,234,p
93,Np,Neptunium,41043.0,1.4,,5/2+,14.0,ε=99.9974013;;,235,p
93,Np,Neptunium,43438,7,,,60.0,ε=503;β−=503,236,m
93,Np,Neptunium,43380,50,,,50.0,ε=86.38;β−=13.58;,236,p
93,Np,Neptunium,43616,14,,,14.0,,236,p
93,Np,Neptunium,45816.8,1.1,,,710.0,IT=100,237,m
93,Np,Neptunium,44871.6,1.1,2.144My0.007,,1948.0,α=100;SF<2e-10;,237,p
93,Np,Neptunium,49760#,200#,,,112.0,,238,m
93,Np,Neptunium,47454.6,1.1,,,15.0,β−=100,238,p
93,Np,Neptunium,49311.0,1.3,,,14.0,β−=100;α?,239,p
93,Np,Neptunium,52334,13,,,13.0,β−=99.881;IT=0.121,240,m
93,Np,Neptunium,52316,17,,,17.0,β−=100,240,p
93,Np,Neptunium,54320,100,,,100.0,β−=100;α?,241,p
93,Np,Neptunium,57470#,210#,,,2.0,β−=100,242,m
93,Np,Neptunium,57420,200,,,200.0,β−=100,242,p
93,Np,Neptunium,59810#,30#,,,14.0,β−=100,243,p
93,Np,Neptunium,59926,10,,,10.0,,243,p
93,Np,Neptunium,63240#,100#,,,17.0,β−=100,244,p
93,Np,Neptunium,65850#,200#,,,,,245,p
94,Pu,Plutonium,35930#,300#,,,,,221,u
94,Pu,Plutonium,35060#,300#,,0+,,,222,u
94,Pu,Plutonium,36120#,300#,,,,,223,u
94,Pu,Plutonium,35280#,300#,,0+,,,224,u
94,Pu,Plutonium,36300#,300#,,,,,225,u
94,Pu,Plutonium,35630#,200#,,0+,,,226,u
94,Pu,Plutonium,36770#,100#,,,,,227,u
94,Pu,Plutonium,36108,23,,0+,23.0,,228,u
94,Pu,Plutonium,37390,60,,,60.0,,229,u
94,Pu,Plutonium,36932,14,,0+,14.0,,230,u
94,Pu,Plutonium,38309,22,,,22.0,β+?;α=135,231,u
94,Pu,Plutonium,38361,17,,0+,17.0,ε=?;α<20,232,u
94,Pu,Plutonium,40050,50,,,50.0,β+≈100;α=0.125,233,u
94,Pu,Plutonium,40350,7,,0+,7.0,,234,u
94,Pu,Plutonium,42182,21,,,21.0,β+=99.99727;α=0.00287,235,u
94,Pu,Plutonium,44087.0,1.8,,,6.0,IT=100,236,m
94,Pu,Plutonium,42901.5,1.8,,0+,1949.0,α=100;SF=1.9e-74;,236,u
94,Pu,Plutonium,45237.2,1.7,180ms20,1/2+,6.0,IT=100,237,m
94,Pu,Plutonium,47990,250,,,250.0,,237,n
94,Pu,Plutonium,45091.7,1.7,,,6.0,ε=99.99584;α=0.00424,237,u
94,Pu,Plutonium,46163.1,1.1,,0+,1949.0,α=100;SF=1.9e-71;,238,u
94,Pu,Plutonium,48979.8,1.1,,,193.0,IT=100,239,m
94,Pu,Plutonium,51690,200,,,200.0,,239,n
94,Pu,Plutonium,48588.2,1.1,,,14.0,α=100;SF=3.1e-106,239,u
94,Pu,Plutonium,51434.0,1.1,,,165.0,IT=100,240,m
94,Pu,Plutonium,50125.3,1.1,,0+,1949.0,α=100;SF=5.796e-639;,240,u
94,Pu,Plutonium,53116.8,1.1,,1/2+,880.0,IT=100,241,m
94,Pu,Plutonium,55160,200,,,200.0,SF=100,241,n
94,Pu,Plutonium,52955.1,1.1,,,15.0,β−≈100;α=0.002458;,241,u
94,Pu,Plutonium,54716.9,1.2,,0+,375.0,α=100;SF=5.510e-441,242,u
94,Pu,Plutonium,58138.2,2.5,,,330.0,IT=100,243,m
94,Pu,Plutonium,57754.6,2.5,,7/2+,1951.0,β−=100,243,u
94,Pu,Plutonium,61022.0,2.4,,,2016.0,IT=100,244,m
94,Pu,Plutonium,59806.0,2.3,81.3My0.3,0+,17.0,α=99.8776;SF=0.1236;,244,u
94,Pu,Plutonium,63443,14,,,14.0,IT=100,245,m
94,Pu,Plutonium,65180,400,,,400.0,,245,n
94,Pu,Plutonium,63178,14,,,14.0,β−=100,245,u
94,Pu,Plutonium,65395,15,,0+,15.0,β−=100,246,u
94,Pu,Plutonium,69210#,200#,,,15.0,β−=100,247,u
95,Am,Americium,42700#,300#,10ms9,,2015.0,,223,m
95,Am,Americium,43260#,400#,,,,,224,m
95,Am,Americium,42390#,400#,,,,,225,m
95,Am,Americium,42970#,300#,,,,,226,m
95,Am,Americium,42180#,200#,,,,,227,m
95,Am,Americium,42850#,200#,,,,,228,m
95,Am,Americium,42180,110,,,110.0,,229,m
95,Am,Americium,42440#,230#,,,,,229,p
95,Am,Americium,42870#,140#,,,40.0,,230,m
95,Am,Americium,42410#,300#,,,,,231,m
95,Am,Americium,43420#,300#,,,1967.0,β+≈97;α?;β+SF=0.06910,232,m
95,Am,Americium,43290#,110#,,,2000.0,β+?;α=4.59,233,m
95,Am,Americium,44460#,160#,,,1967.0,β+≈100;α=0.03912;,234,m
95,Am,Americium,44620,50,,,50.0,β+=99.605;α=0.405,235,m
95,Am,Americium,46040#,120#,,,1998.0,β+≈100;α=4.0e-31,236,m
95,Am,Americium,46090#,130#,,,6.0,,236,m
95,Am,Americium,46570#,60#,,,6.0,β+=99.9753;α=0.0253,237,m
95,Am,Americium,48420,60,,1+,60.0,β+=100;α=1.0e-44,238,m
95,Am,Americium,50920#,210#,,,35.0,,238,m
95,Am,Americium,49390.4,2.0,,,14.0,ε=99.9901;α=0.0101,239,m
95,Am,Americium,51890,200,,,200.0,,239,m
95,Am,Americium,51510,14,,,14.0,β+=100;α≈1.9e-47,240,m
95,Am,Americium,54510,200,,,200.0,,240,m
95,Am,Americium,52934.3,1.1,,,15.0,α=100;SF=3.6e-109,241,m
95,Am,Americium,55130,200,,,200.0,SF=100,241,m
95,Am,Americium,55468.0,1.1,,,2.0,β−=82.73;ε=17.33,242,m
95,Am,Americium,55516.6,1.1,,,141.0,IT=99.552;α=0.452;,242,m
95,Am,Americium,57670,80,14.0ms1.0,,80.0,SF≈100;IT=?,242,n
95,Am,Americium,57175.0,1.4,,,1950.0,α=100;SF=3.7e-99,243,m
95,Am,Americium,59480,200,,,200.0,,243,m
95,Am,Americium,59879.1,1.5,,,1950.0,β−=100,244,m
95,Am,Americium,59968.4,1.4,,1+,1950.0,β−=99.963613;,244,m
95,Am,Americium,61880#,200#,,,900.0,,244,n
95,Am,Americium,62080#,200#,,,17.0,,244,p
95,Am,Americium,61900.4,1.9,,5/2+,11.0,β−=100,245,m
95,Am,Americium,64300#,400#,,,640.0,,245,m
95,Am,Americium,64994#,18#,,,39.0,β−=100,246,m
95,Am,Americium,65024,15,,,15.0,,246,m
95,Am,Americium,66990#,800#,,,73.0,,246,n
95,Am,Americium,67150#,100#,,,15.0,β−=100,247,m
95,Am,Americium,70560#,200#,,,14.0,,248,m
95,Am,Americium,73100#,300#,,,,,249,m
96,Cm,Curium,47270#,300#,,,,,231,m
96,Cm,Curium,46330#,200#,,0+,,,232,m
96,Cm,Curium,47290,80,,,80.0,α=2010;β+=8010,233,m
96,Cm,Curium,46722,17,,0+,17.0,,234,m
96,Cm,Curium,48010#,100#,,,1981.0,β+?;α=43,235,m
96,Cm,Curium,47853,18,,0+,18.0,β+=822;α=182;SF?,236,m
96,Cm,Curium,49250,70,,,70.0,β+?;α=?,237,m
96,Cm,Curium,49450#,170#,,,,,237,p
96,Cm,Curium,49445,12,,0+,12.0,ε?;α=3.8418;,238,m
96,Cm,Curium,51150,150,,,150.0,β+≈100;α=6.2e-314,239,m
96,Cm,Curium,51390#,180#,,1/2+,,,239,p
96,Cm,Curium,51724.2,1.9,,0+,1949.0,α≈100;ε?;SF=3.9e-68,240,m
96,Cm,Curium,53701.8,1.6,,1/2+,15.0,ε=99.01;α=1.01,241,m
96,Cm,Curium,54803.7,1.1,,0+,2.0,α=100;SF=6.2e-63;,242,m
96,Cm,Curium,57600,100,,,100.0,,242,m
96,Cm,Curium,57181.9,1.5,,,14.0,α≈100;ε=0.293;,243,m
96,Cm,Curium,57269.3,1.5,,1/2+,14.0,IT=100,243,m
96,Cm,Curium,57285,15,,,15.0,,243,p
96,Cm,Curium,58451.8,1.1,,0+,17.0,α=100;SF=1.37e-42,244,m
96,Cm,Curium,59492.0,1.1,34ms2,6+,17.0,IT=100,244,m
96,Cm,Curium,59550#,900#,,,17.0,,244,n
96,Cm,Curium,61004.5,1.1,,,1954.0,α=100;SF=6.1e-79,245,m
96,Cm,Curium,61360.4,1.1,,1/2+,290.0,IT=100,245,m
96,Cm,Curium,62616.9,1.5,,0+,11.0,α=99.973857;,246,m
96,Cm,Curium,63796.6,1.5,,,,IT=100,246,m
96,Cm,Curium,65533,4,15.6My0.5,,15.0,α=100,247,m
96,Cm,Curium,65760,4,,5/2+,15.0,IT=100,247,m
96,Cm,Curium,65938,4,,1/2+,15.0,IT=100,247,n
96,Cm,Curium,67392.7,2.4,,0+,348.0,α=91.6116;SF=8.3916;,248,m
96,Cm,Curium,68850.8,2.6,,,146.0,IT=100,248,m
96,Cm,Curium,70750.7,2.4,,1/2+,11.0,β−=100,249,m
96,Cm,Curium,70799.5,2.4,,7/2+,23.0,α=100,249,m
96,Cm,Curium,72990,10,,0+,10.0,,250,m
96,Cm,Curium,76648,23,,,23.0,β−=100,251,m
96,Cm,Curium,79060#,300#,,0+,6.0,,252,m
97,Bk,Berkelium,52770#,230#,,,40.0,,233,
97,Bk,Berkelium,53400#,150#,,,20.0,,234,
97,Bk,Berkelium,52770#,400#,,,,,235,
97,Bk,Berkelium,53540#,360#,,,26.0,β+≈100;α?;β+SF=0.042,236,
97,Bk,Berkelium,53210#,230#,,,,,237,
97,Bk,Berkelium,54220#,260#,,,1994.0,β+≈100;α?;β+SF=0.0482,238,
97,Bk,Berkelium,54250#,210#,,,1989.0,,239,
97,Bk,Berkelium,54290#,210#,,,41.0,,239,p
97,Bk,Berkelium,55660#,150#,,,1980.0,β+?;α?;β+SF=0.002013,240,
97,Bk,Berkelium,55900#,180#,,,,,240,p
97,Bk,Berkelium,55980#,170#,,,15.0,β+=?;α?,241,
97,Bk,Berkelium,56030#,170#,,,51.0,,241,p
97,Bk,Berkelium,57750#,140#,,,1972.0,,242,
97,Bk,Berkelium,59750#,240#,,,600.0,,242,m
97,Bk,Berkelium,57900,90,,,90.0,,242,p
97,Bk,Berkelium,58690,5,,,1950.0,,243,
97,Bk,Berkelium,58710,19,,,19.0,,243,p
97,Bk,Berkelium,60714,14,,,14.0,β+?;α=0.0063,244,
97,Bk,Berkelium,62210#,500#,,,820.0,,244,m
97,Bk,Berkelium,60850#,50#,,,,,244,p
97,Bk,Berkelium,61813.8,1.8,,,11.0,ε=99.8810;α=0.121,245,
97,Bk,Berkelium,61860#,30#,,,,,245,p
97,Bk,Berkelium,63970,60,,,60.0,,246,
97,Bk,Berkelium,65490,5,,,15.0,,247,
97,Bk,Berkelium,68130,50,,,50.0,,248,
97,Bk,Berkelium,68108,21,,,21.0,β−=705;ε=305;α?,248,m
97,Bk,Berkelium,68180#,70#,,,,,248,p
97,Bk,Berkelium,69846.3,1.2,,,1954.0,β−≈100;α=0.001458;,249,
97,Bk,Berkelium,69855.1,1.2,,,300.0,IT=100,249,m
97,Bk,Berkelium,72952.0,2.9,,,1.0,β−=100,250,
97,Bk,Berkelium,72987.6,2.9,,4+,29.0,IT=100,250,m
97,Bk,Berkelium,73038,3,,7+,213.0,IT=100,250,n
97,Bk,Berkelium,73163.8,2.9,,2+,,IT=100,250,p
97,Bk,Berkelium,75228,11,,,11.0,β−=100,251,
97,Bk,Berkelium,75264,11,,,11.0,IT=100,251,m
97,Bk,Berkelium,78540#,200#,,,1988.0,β−=?;α?,252,
97,Bk,Berkelium,80930#,360#,,,1991.0,,253,
97,Bk,Berkelium,84390#,300#,,,19.0,,254,
98,Cf,Californium,57940,100,,,100.0,α=7010;SF=3010;β+?,237,
98,Cf,Californium,57280#,300#,21.1ms1.3,0+,1995.0,SF=97.514;α=2.514,238,
98,Cf,Californium,58200#,120#,,,28.0,α=653;β+?,239,
98,Cf,Californium,57989,18,,0+,18.0,α=98.52;SF=1.52;β+?,240,
98,Cf,Californium,59330#,170#,,,1970.0,β+?;α=151,241,
98,Cf,Californium,59480#,200#,,,15.0,,241,p
98,Cf,Californium,59387,13,,0+,13.0,α=613;β+=393;SF<0.014,242,
98,Cf,Californium,60990#,180#,,,1967.0,,243,
98,Cf,Californium,61478.1,2.6,,0+,1956.0,α=756;ε=256,244,
98,Cf,Californium,63385.2,2.4,,1/2+,11.0,β+=64.725;α=35.325,245,
98,Cf,Californium,63442,5,,,57.0,IT=100,245,p
98,Cf,Californium,64090.2,1.5,,0+,11.0,α=100;SF=2.4e-44;ε?,246,
98,Cf,Californium,66109,14,,,14.0,ε=99.9655;α=0.0355,247,
98,Cf,Californium,67238,5,,0+,14.0,α≈100;SF=0.00293,248,
98,Cf,Californium,69722.7,1.2,,,351.0,α=100;SF=5.0e-74,249,
98,Cf,Californium,69867.7,1.2,,5/2+,45.0,IT=100,249,m
98,Cf,Californium,71170.3,1.5,,0+,1.0,α=99.9233;SF=0.0773,250,
98,Cf,Californium,74135,4,,1/2+,898.0,,251,
98,Cf,Californium,74505,4,,,13.0,IT=100,251,m
98,Cf,Californium,76034.6,2.4,,0+,1954.0,α=96.897227;,252,
98,Cf,Californium,79302,4,,,13.0,β−=99.694;α=0.314,253,
98,Cf,Californium,81341,11,,0+,11.0,SF=99.692;α=0.312;,254,
98,Cf,Californium,84810#,200#,,,85.0,β−=100;SF?;α?,255,
98,Cf,Californium,87040#,310#,,0+,17.0,SF=100;α?;2β−?,256,
99,Es,Einsteinium,63630#,300#,,,,,239,s
99,Es,Einsteinium,64230#,370#,,,2017.0,α=701;β+=301;,240,s
99,Es,Einsteinium,64120#,250#,,,,,241,p
99,Es,Einsteinium,63890#,230#,,,1996.0,,241,s
99,Es,Einsteinium,64800#,260#,,,1994.0,α=573;β+=433;,242,s
99,Es,Einsteinium,64800#,220#,,,,,243,m
99,Es,Einsteinium,64750#,210#,,,,α=616;β+?;SF<1,243,s
99,Es,Einsteinium,66030#,180#,,,37.0,β+=953;α=53;,244,s
99,Es,Einsteinium,66350#,170#,,,11.0,,245,m
99,Es,Einsteinium,66600,160,,,160.0,IT=100,245,p
99,Es,Einsteinium,66640#,190#,,,,,245,q
99,Es,Einsteinium,66320#,170#,,,1967.0,β+=516;α=496,245,s
99,Es,Einsteinium,68010,100,,,100.0,,246,p
99,Es,Einsteinium,68200,90,,,90.0,,246,q
99,Es,Einsteinium,67820,90,,,90.0,β+=90.118;α=9.918;,246,s
99,Es,Einsteinium,68630#,50#,,,,,247,m
99,Es,Einsteinium,68578,19,,,19.0,,247,s
99,Es,Einsteinium,70300#,50#,,,24.0,,248,s
99,Es,Einsteinium,71180#,30#,,7/2+,11.0,β+≈100;α=0.578,249,s
99,Es,Einsteinium,73430#,180#,,,1.0,,250,m
99,Es,Einsteinium,73230#,100#,,,1.0,,250,s
99,Es,Einsteinium,74520,5,,,13.0,,251,m
99,Es,Einsteinium,74512,5,,,33.0,ε=99.52;α=0.52,251,s
99,Es,Einsteinium,77290,50,,,50.0,α=782;ε=222,252,s
99,Es,Einsteinium,79117,4,,,106.0,,253,m
99,Es,Einsteinium,79010.5,1.2,,,1954.0,α=100;SF=8.7e-63,253,s
99,Es,Einsteinium,82074.5,2.7,,,1954.0,β−=982;IT<3;α=0.321;,254,m
99,Es,Einsteinium,81994.2,2.9,,7+,19.0,α≈100;ε?;β−=1.74e-48;,254,s
99,Es,Einsteinium,84089,11,,,11.0,β−=92.04;α=8.04;,255,s
99,Es,Einsteinium,87190#,140#,,,1981.0,β−=100,256,m
99,Es,Einsteinium,87190#,100#,,,17.0,β−≈100;β−SF=0.002,256,s
99,Es,Einsteinium,89400#,410#,,,13.0,β−=100;α?,257,s
99,Es,Einsteinium,92700#,400#,,,,,258,s
100,Fm,Fermium,1994.5,0.5,,5+,162.0,IT=100,18,m
100,Fm,Fermium,19310,110,2.2ms0.1,,110.0,IT=8211;β−=?;β−n=128,26,m
100,Fm,Fermium,69220#,300#,,,730.0,SF=?;α<14;β+<12,241,m
100,Fm,Fermium,68400#,400#,,0+,800.0,,242,m
100,Fm,Fermium,69320#,130#,231ms9,,1981.0,α=913;SF=93;β+?,243,m
100,Fm,Fermium,68960#,200#,3.12ms0.08,0+,1967.0,,244,m
100,Fm,Fermium,70190#,200#,,,1967.0,,245,m
100,Fm,Fermium,70191,14,,0+,14.0,α=93.26;SF=6.86;ε<1.3,246,m
100,Fm,Fermium,71670#,180#,,,31.0,,247,m
100,Fm,Fermium,71720#,180#,,,49.0,α=882;β+?;IT?,247,m
100,Fm,Fermium,71898,8,,0+,14.0,α≈100;β+?;SF=0.105,248,m
100,Fm,Fermium,73100#,100#,10.1ms0.6,,14.0,,248,m
100,Fm,Fermium,73519,6,,7/2+,1960.0,β+?;α=339,249,m
100,Fm,Fermium,74072,8,,0+,1954.0,α≈100;SF=0.006910;ε?,250,m
100,Fm,Fermium,75271,8,,,,,250,m
100,Fm,Fermium,75959,14,,,14.0,β+=98.2013;α=1.8013,251,m
100,Fm,Fermium,76159,14,,5/2+,14.0,IT=100,251,m
100,Fm,Fermium,76817,5,,0+,6.0,α≈100;SF=0.00232;2β+?,252,m
100,Fm,Fermium,79345.5,1.5,,1/2+,13.0,ε=881;α=121,253,m
100,Fm,Fermium,79486,6,,,140.0,,253,m
100,Fm,Fermium,79697,6,,,351.0,IT=100,253,n
100,Fm,Fermium,80902.5,1.8,,0+,19.0,α=99.94083;SF=0.05923,254,m
100,Fm,Fermium,83800,4,,7/2+,13.0,α=100;SF=2.4e-510,255,m
100,Fm,Fermium,84031,4,,9/2+,13.0,IT=100,255,p
100,Fm,Fermium,85485,3,,0+,17.0,SF=91.93;α=8.13,256,m
100,Fm,Fermium,88590,4,,9/2+,1964.0,α=99.7904;SF=0.2104,257,m
100,Fm,Fermium,90430#,200#,,0+,370.0,,258,m
100,Fm,Fermium,93700#,280#,,,13.0,SF=100,259,m
100,Fm,Fermium,95770#,440#,,0+,,,260,m
101,Md,Mendelevium,75600#,370#,,,,,244,
101,Md,Mendelevium,75800#,400#,,,,IT=?;β+?,244,m
101,Md,Mendelevium,75330#,260#,,,1996.0,,245,
101,Md,Mendelevium,75430#,280#,0.90ms0.25,,1996.0,,245,m
101,Md,Mendelevium,76120#,260#,,,1996.0,α=100,246,
101,Md,Mendelevium,76170#,260#,,,60.0,α=573;β+>77;β+SF>10;,246,m
101,Md,Mendelevium,75940#,210#,,,,,247,
101,Md,Mendelevium,76200#,210#,250ms40,,260.0,α=795;SF=215,247,m
101,Md,Mendelevium,76950#,180#,,,14.0,β+=8010;α=2010;,248,
101,Md,Mendelevium,77180,160,,,160.0,α=755;β+?,249,
101,Md,Mendelevium,77280#,190#,,,,α=100,249,m
101,Md,Mendelevium,78400,90,,,90.0,β+=93.08;α=7.08;,250,
101,Md,Mendelevium,78520,90,,,90.0,α=?;β+?;IT?,250,m
101,Md,Mendelevium,78967,19,,,19.0,β+?;α=101,251,
101,Md,Mendelevium,79020,18,,,18.0,,251,p
101,Md,Mendelevium,80470,90,,,90.0,,252,
101,Md,Mendelevium,80550,80,,,80.0,,252,p
101,Md,Mendelevium,81170#,30#,,,12.0,,253,
101,Md,Mendelevium,81230#,40#,,,60.0,,253,p
101,Md,Mendelevium,83450#,100#,,,10.0,,254,
101,Md,Mendelevium,83500#,140#,,,28.0,,254,m
101,Md,Mendelevium,84842,6,,,27.0,β+=931;α=71;SF?,255,
101,Md,Mendelevium,84850#,70#,,,13.0,,255,p
101,Md,Mendelevium,87460#,120#,,,17.0,β+=90.87;α=9.27;SF<3,256,
101,Md,Mendelevium,87620,70,,,70.0,,256,m
101,Md,Mendelevium,87700#,120#,,,,,256,p
101,Md,Mendelevium,88992.5,1.6,,,13.0,ε=853;α=153;SF?,257,
101,Md,Mendelevium,91690,3,,,1970.0,,258,
101,Md,Mendelevium,91690#,200#,,,1980.0,ε=8515;SF<15;β−?;,258,m
101,Md,Mendelevium,93560#,100#,,,13.0,,259,
101,Md,Mendelevium,96550#,320#,,,1989.0,,260,
101,Md,Mendelevium,98580#,510#,,,,,261,
101,Md,Mendelevium,101670#,450#,,,,,262,
102,No,Nobelium,80690#,220#,,0+,2003.0,,248,o
102,No,Nobelium,81790#,280#,,,57.0,,249,o
102,No,Nobelium,82620#,280#,,,2001.0,SF≈100;IT=?;α?,250,m
102,No,Nobelium,81570#,200#,,0+,2003.0,,250,o
102,No,Nobelium,82960#,180#,,,106.0,α=100,251,m
102,No,Nobelium,83980#,180#,,,,,251,n
102,No,Nobelium,82850#,180#,800ms10,,1967.0,α=8316;β+?;SF<0.3,251,o
102,No,Nobelium,84125,9,109.1ms2.5,,2007.0,IT=100,252,m
102,No,Nobelium,82871,9,,0+,1967.0,α=67.65;SF=31.34;,252,o
102,No,Nobelium,84527,7,,5/2+,1973.0,α=100,253,m
102,No,Nobelium,85560,110,,,110.0,IT=100,253,n
102,No,Nobelium,84359,7,,,1967.0,α=553;β+?;SF?,253,o
102,No,Nobelium,85620,110,,,110.0,IT=100,253,p
102,No,Nobelium,86019,10,264.9ms1.4,,10.0,IT=100;SF=0.02012;,254,m
102,No,Nobelium,87940#,300#,,,184.0,IT=100;SF≤0.012,254,n
102,No,Nobelium,84723,10,,0+,10.0,α=901;β+=101;SF=0.172,254,o
102,No,Nobelium,87020#,100#,,,,,255,m
102,No,Nobelium,86812,14,,,14.0,β+=705;α=305,255,o
102,No,Nobelium,86910#,70#,,,,,255,p
102,No,Nobelium,87823,8,,0+,17.0,α=99.455;SF=0.555;ε?,256,o
102,No,Nobelium,90247,6,,,1967.0,α=858;β+=158;SF?,257,o
102,No,Nobelium,90550#,120#,,,,,257,p
102,No,Nobelium,91480#,100#,1.23ms0.12,0+,1989.0,,258,o
102,No,Nobelium,94079,6,,9/2+,58.0,α=754;ε=254;SF<10,259,o
102,No,Nobelium,94310#,150#,,,,,259,p
102,No,Nobelium,95610#,200#,106ms8,0+,99.0,SF=100,260,o
102,No,Nobelium,98460#,200#,,,,,261,o
102,No,Nobelium,100100#,360#,∼5ms,0+,1.0,SF=100;α?,262,o
102,No,Nobelium,103130#,490#,,,,,263,o
102,No,Nobelium,105010#,590#,,0+,,,264,o
103,Lr,Lawrencium,87830#,200#,,,,,251,r
103,Lr,Lawrencium,88710#,190#,,,170.0,,252,p
103,Lr,Lawrencium,88540#,190#,369ms75,,2001.0,,252,r
103,Lr,Lawrencium,88560#,190#,,,,α=9010;SF=123;β+?;,253,m
103,Lr,Lawrencium,88520,160,632ms46,,160.0,α=9010;SF=1.06;β+?,253,r
103,Lr,Lawrencium,89750,90,,,90.0,α=?;β+?;IT?,254,m
103,Lr,Lawrencium,89650,90,,,90.0,α=71.719;β+=28.319;,254,r
103,Lr,Lawrencium,89988,19,,,19.0,,255,m
103,Lr,Lawrencium,90743,22,,,22.0,,255,n
103,Lr,Lawrencium,91412,22,1.78ms0.05,,22.0,,255,p
103,Lr,Lawrencium,89947,18,,,18.0,α=99.71;β+=0.31;SF?,255,r
103,Lr,Lawrencium,91980#,90#,,,17.0,,256,p
103,Lr,Lawrencium,91750,80,,,80.0,α=8510;β+=1510;SF<0.03,256,r
103,Lr,Lawrencium,92770#,60#,,,2018.0,,257,m
103,Lr,Lawrencium,92820#,110#,,,13.0,,257,p
103,Lr,Lawrencium,92670#,40#,,,1971.0,,257,r
103,Lr,Lawrencium,95020#,140#,,,,,258,p
103,Lr,Lawrencium,94780#,100#,,,1971.0,α=97.418;β+=2.618,258,r
103,Lr,Lawrencium,96200#,170#,,,,,259,p
103,Lr,Lawrencium,95850#,70#,,,13.0,α=782;SF=222;β+?,259,r
103,Lr,Lawrencium,98280#,130#,,,99.0,α=8020;β+=2020,260,r
103,Lr,Lawrencium,99560#,200#,,,39.0,,261,r
103,Lr,Lawrencium,102110#,200#,,,1.0,β+=?;SF<10;α?,262,r
103,Lr,Lawrencium,103670#,220#,,,,,263,r
103,Lr,Lawrencium,106380#,440#,,,,,264,r
103,Lr,Lawrencium,108230#,550#,,,,,265,r
103,Lr,Lawrencium,111660#,540#,,,22.0,SF=100,266,r
104,Rf,Rutherfordium,93640#,410#,13ms5,,,,253,
104,Rf,Rutherfordium,93840#,440#,,,52.0,,253,m
104,Rf,Rutherfordium,93200#,280#,,0+,1997.0,,254,
104,Rf,Rutherfordium,94500#,340#,,,,,254,m
104,Rf,Rutherfordium,95200#,570#,,,247.0,,254,n
104,Rf,Rutherfordium,94330#,180#,,,1975.0,α=52.822;SF=47.222;,255,
104,Rf,Rutherfordium,94480#,180#,,,150.0,IT=100,255,m
104,Rf,Rutherfordium,95380#,200#,,,1050.0,IT=100,255,n
104,Rf,Rutherfordium,95630#,200#,,,1300.0,IT=100,255,p
104,Rf,Rutherfordium,94222,18,6.60ms0.05,0+,18.0,SF=99.6910;α=0.3110,256,
104,Rf,Rutherfordium,95340#,100#,,,25.0,IT=100;SF?,256,m
104,Rf,Rutherfordium,95620#,100#,,,17.0,IT=100;SF?,256,n
104,Rf,Rutherfordium,96620#,200#,,,27.0,IT=100;SF?,256,p
104,Rf,Rutherfordium,95866,11,,,11.0,α=89.314;β+=9.414;,257,
104,Rf,Rutherfordium,95940,10,,,10.0,α=88.515;β+=11.515;,257,m
104,Rf,Rutherfordium,97022,10,,,10.0,IT=100,257,n
104,Rf,Rutherfordium,96344,16,12.5ms0.5,0+,16.0,SF=95.116;α=4.916,258,
104,Rf,Rutherfordium,97540#,300#,3.4ms1.7,,,IT=?;α?;β+?,258,m
104,Rf,Rutherfordium,97840#,500#,,,15.0,,258,n
104,Rf,Rutherfordium,98370#,70#,,,1969.0,α=854;β+=154;SF<3,259,
104,Rf,Rutherfordium,98430#,100#,,,60.0,,259,p
104,Rf,Rutherfordium,98570#,110#,,,210.0,,259,q
104,Rf,Rutherfordium,99150#,200#,21ms1,0+,1985.0,,260,
104,Rf,Rutherfordium,101320,70,,,70.0,SF=824;α=184,261,
104,Rf,Rutherfordium,101390#,120#,,,74.0,,261,m
104,Rf,Rutherfordium,101550#,120#,,,,,261,p
104,Rf,Rutherfordium,102390#,220#,250ms100,0+,1985.0,,262,
104,Rf,Rutherfordium,103390#,460#,47ms5,,1978.0,SF=100,262,m
104,Rf,Rutherfordium,104760#,150#,,,11.0,,263,
104,Rf,Rutherfordium,105060#,250#,,,,,263,p
104,Rf,Rutherfordium,106080#,360#,,0+,,,264,
104,Rf,Rutherfordium,108690#,360#,,,2010.0,,265,
104,Rf,Rutherfordium,110140#,410#,,0+,,,266,
104,Rf,Rutherfordium,113440#,580#,,,2004.0,SF=100,267,
104,Rf,Rutherfordium,113520#,580#,,,,,267,p
104,Rf,Rutherfordium,115480#,660#,,0+,,,268,
105,Db,Dubnium,99600#,280#,54ms,,1976.0,,255,
105,Db,Dubnium,99700#,300#,2.8ms,,1976.0,,255,m
105,Db,Dubnium,100300#,190#,,,2001.0,α=7011;β+=3011;SF?,256,
105,Db,Dubnium,100150,160,,,160.0,,257,
105,Db,Dubnium,100290#,200#,670ms60,,1985.0,,257,m
105,Db,Dubnium,101510,90,,,90.0,α=6410;β+=3610,258,
105,Db,Dubnium,101560,90,,,90.0,α=778;β+=238;SF?,258,m
105,Db,Dubnium,101990,60,510ms160,,60.0,α=100,259,
105,Db,Dubnium,103670#,90#,,,1970.0,α=90.46;SF=9.66;β+?,260,
105,Db,Dubnium,103770#,180#,,,,,260,p
105,Db,Dubnium,104310#,110#,,,1970.0,SF=7311;α=2711,261,
105,Db,Dubnium,104590#,230#,,,,,261,p
105,Db,Dubnium,106250#,140#,,,34.0,SF=524;α=484;β+?,262,
105,Db,Dubnium,106300#,160#,,,,,262,p
105,Db,Dubnium,107110#,170#,,,29.0,SF=5614;α=3714;,263,
105,Db,Dubnium,107370#,260#,,,,,263,p
105,Db,Dubnium,109260#,240#,,,,,264,
105,Db,Dubnium,110380#,220#,,,,,265,
105,Db,Dubnium,112740#,280#,,,80.0,α?;SF=?;β+?,266,
105,Db,Dubnium,114010#,370#,,,2004.0,SF=100,267,
105,Db,Dubnium,117060#,530#,,,29.0,,268,
105,Db,Dubnium,117210#,540#,,,150.0,,268,p
105,Db,Dubnium,119150#,620#,,,,,269,
105,Db,Dubnium,122400#,580#,,,2010.0,,270,
106,Sg,Seaborgium,105300#,410#,2.7ms0.5,0+,1997.0,,258,
106,Sg,Seaborgium,106520#,180#,402ms56,,,,259,
106,Sg,Seaborgium,106610#,180#,226ms27,,87.0,,259,m
106,Sg,Seaborgium,106547,21,4.95ms0.33,0+,21.0,SF=713;α=293,260,
106,Sg,Seaborgium,108005,18,183ms5,,18.0,α=98.14;β+=1.33;,261,
106,Sg,Seaborgium,108110#,50#,,,2010.0,IT=100,261,m
106,Sg,Seaborgium,108369,22,10.3ms1.7,0+,22.0,SF=946;α?,262,
106,Sg,Seaborgium,109230,110,,,110.0,,262,p
106,Sg,Seaborgium,110200#,100#,940ms140,,1974.0,α=878;SF=138,263,
106,Sg,Seaborgium,110250#,100#,420ms100,,51.0,,263,m
106,Sg,Seaborgium,110290#,100#,,,100.0,,263,p
106,Sg,Seaborgium,110780#,280#,78ms25,0+,2006.0,,264,
106,Sg,Seaborgium,112790#,140#,,,1994.0,,265,
106,Sg,Seaborgium,112790#,130#,,,1994.0,,265,m
106,Sg,Seaborgium,113620#,250#,390ms110,0+,2006.0,,266,
106,Sg,Seaborgium,115810#,260#,,,2008.0,SF=83;α=17,267,
106,Sg,Seaborgium,115830#,270#,,,,,267,p
106,Sg,Seaborgium,116800#,470#,,0+,,,268,
106,Sg,Seaborgium,119690#,370#,,,2010.0,,269,
106,Sg,Seaborgium,121430#,460#,,0+,,,270,
106,Sg,Seaborgium,124620#,590#,,,2004.0,α=4223;SF=5823,271,
106,Sg,Seaborgium,126520#,690#,,0+,,,272,
106,Sg,Seaborgium,129920#,400#,,,,,273,
107,Bh,Bohrium,113120#,200#,41ms14,,2008.0,,260,
107,Bh,Bohrium,113080,180,12.8ms3.2,,180.0,,261,
107,Bh,Bohrium,114250,90,84ms11,,90.0,,262,
107,Bh,Bohrium,114470,110,9.5ms1.6,,110.0,,262,m
107,Bh,Bohrium,114500#,310#,,,99.0,,263,
107,Bh,Bohrium,115960#,180#,,,1995.0,,264,
107,Bh,Bohrium,116290#,230#,,,,,264,p
107,Bh,Bohrium,116400#,240#,,,2004.0,α=?,265,
107,Bh,Bohrium,118100#,160#,,,2000.0,,266,
107,Bh,Bohrium,118770#,260#,,,22.0,α=100,267,
107,Bh,Bohrium,120710#,380#,,,,,268,
107,Bh,Bohrium,121480#,370#,,,,,269,
107,Bh,Bohrium,124230#,300#,,,2007.0,α=100,270,
107,Bh,Bohrium,124920#,360#,,,,,270,p
107,Bh,Bohrium,125860#,380#,,,2013.0,α=100,271,
107,Bh,Bohrium,128790#,530#,,,2004.0,,272,
107,Bh,Bohrium,130680#,660#,,,,,273,
107,Bh,Bohrium,133760#,580#,,,57.0,α=100,274,
107,Bh,Bohrium,135780#,600#,,,,,275,
107,Bh,Bohrium,138950#,600#,,,,,276,
107,Bh,Bohrium,141100#,600#,,,,,277,
107,Bh,Bohrium,144370#,400#,,,2016.0,,278,
108,Hs,Hassium,120000#,200#,,,330.0,,263,m
108,Hs,Hassium,119680#,200#,0.9ms0.4,,2009.0,,263,s
108,Hs,Hassium,119563,29,,0+,29.0,α=7030;SF=3030,264,s
108,Hs,Hassium,121130,24,,,24.0,,265,m
108,Hs,Hassium,120900,24,1.96ms0.16,,24.0,,265,s
108,Hs,Hassium,122240,90,280ms220,,90.0,,266,m
108,Hs,Hassium,121140,27,3.0ms0.6,0+,27.0,α=769;SF=249,266,s
108,Hs,Hassium,122700#,100#,,,39.0,α=?;IT?,267,m
108,Hs,Hassium,122660#,100#,55ms11,,1995.0,,267,s
108,Hs,Hassium,122970#,300#,,0+,2010.0,,268,s
108,Hs,Hassium,124490#,130#,,,15.0,α=100,269,s
108,Hs,Hassium,125110#,250#,,0+,2003.0,,270,s
108,Hs,Hassium,127690#,280#,,,2008.0,,271,s
108,Hs,Hassium,129000#,510#,,0+,,,272,s
108,Hs,Hassium,131970#,390#,,,,,273,p
108,Hs,Hassium,131770#,370#,1060ms500,,2010.0,,273,s
108,Hs,Hassium,133410#,470#,,0+,,,274,s
108,Hs,Hassium,136750#,600#,,,,,275,p
108,Hs,Hassium,136490#,590#,280ms130,,2004.0,α=100,275,s
108,Hs,Hassium,138190#,720#,,0+,,,276,s
108,Hs,Hassium,141480#,460#,,,130.0,SF=100,277,m
108,Hs,Hassium,142000#,490#,,,,,277,p
108,Hs,Hassium,141380#,450#,12ms9,,2010.0,,277,s
108,Hs,Hassium,143220#,300#,,0+,2016.0,,278,s
108,Hs,Hassium,146500#,600#,,,,,279,s
108,Hs,Hassium,148420#,600#,,0+,,,280,s
109,Mt,Meitnerium,126620#,440#,,,,,265,t
109,Mt,Meitnerium,128810,120,6ms3,,120.0,α=100,266,m
109,Mt,Meitnerium,127670,100,2.0ms0.5,,100.0,,266,t
109,Mt,Meitnerium,127790#,500#,,,,,267,t
109,Mt,Meitnerium,129150#,230#,23ms7,,1995.0,α=100,268,t
109,Mt,Meitnerium,129300#,310#,,,,,269,t
109,Mt,Meitnerium,130710#,190#,800ms400,,2004.0,,270,t
109,Mt,Meitnerium,131100#,330#,,,,,271,t
109,Mt,Meitnerium,133480#,490#,,,,,272,t
109,Mt,Meitnerium,134780#,420#,,,,,273,t
109,Mt,Meitnerium,137250#,380#,850ms540,,2007.0,α=100,274,t
109,Mt,Meitnerium,138770#,390#,31ms17,,2004.0,α=100,275,t
109,Mt,Meitnerium,141560#,540#,,,250.0,α=100,276,m
109,Mt,Meitnerium,141310#,530#,700ms80,,2004.0,α=100,276,t
109,Mt,Meitnerium,143010#,660#,,,2013.0,SF=100;α?,277,t
109,Mt,Meitnerium,146160#,590#,,,,,278,p
109,Mt,Meitnerium,145770#,580#,,,2010.0,α=100,278,t
109,Mt,Meitnerium,147590#,670#,,,,,279,t
109,Mt,Meitnerium,150510#,600#,,,,,280,t
109,Mt,Meitnerium,152400#,600#,,,,,281,t
109,Mt,Meitnerium,155460#,450#,,,2016.0,,282,t
110,Ds,Darmstadtium,133880#,200#,,,10.0,α=100,267,s
110,Ds,Darmstadtium,133650#,300#,,0+,,,268,s
110,Ds,Darmstadtium,134830,30,,,30.0,α=100,269,s
110,Ds,Darmstadtium,136070,60,4.3ms1.2,,60.0,,270,m
110,Ds,Darmstadtium,134680,40,,0+,40.0,,270,s
110,Ds,Darmstadtium,136020#,100#,1.7ms0.4,,68.0,α=100,271,m
110,Ds,Darmstadtium,135950#,100#,144ms53,,1998.0,SF=75;α=25,271,s
110,Ds,Darmstadtium,136080#,420#,,0+,,,272,s
110,Ds,Darmstadtium,138490#,140#,120ms,,198.0,α=100,273,m
110,Ds,Darmstadtium,138290#,140#,,,240.0,,273,s
110,Ds,Darmstadtium,139200#,390#,,0+,,,274,s
110,Ds,Darmstadtium,141670#,340#,,,,,275,s
110,Ds,Darmstadtium,142540#,550#,,0+,,,276,s
110,Ds,Darmstadtium,145090#,390#,6ms3,,2010.0,,277,s
110,Ds,Darmstadtium,146250#,510#,,0+,,,278,s
110,Ds,Darmstadtium,149250#,610#,,,,,279,p
110,Ds,Darmstadtium,149020#,610#,210ms40,,2004.0,SF=885;α=125,279,s
110,Ds,Darmstadtium,150320#,750#,25ms20,0+,,SF=100,280,s
110,Ds,Darmstadtium,153350#,460#,,,2012.0,α=100,281,m
110,Ds,Darmstadtium,153340#,500#,,,,,281,p
110,Ds,Darmstadtium,153270#,490#,,,14.0,SF=907;α=107,281,s
110,Ds,Darmstadtium,154790#,300#,,0+,2016.0,,282,s
110,Ds,Darmstadtium,157830#,500#,,,,,283,s
110,Ds,Darmstadtium,159460#,500#,,0+,,,284,s
111,Rg,Roentgenium,142770#,230#,4.2ms1.1,,1995.0,α=100,272,
111,Rg,Roentgenium,142890#,400#,,,,,273,
111,Rg,Roentgenium,144610#,210#,20ms11,,2004.0,,274,
111,Rg,Roentgenium,145400#,450#,,,,,275,
111,Rg,Roentgenium,147390#,630#,,,,,276,
111,Rg,Roentgenium,148410#,470#,,,,,277,
111,Rg,Roentgenium,150520#,390#,8ms5,,2007.0,α=100,278,
111,Rg,Roentgenium,151720#,420#,170ms110,,2004.0,α=100,279,
111,Rg,Roentgenium,151760#,430#,,,,,279,p
111,Rg,Roentgenium,153890#,530#,,,2004.0,α=100,280,
111,Rg,Roentgenium,155330#,770#,,,19.0,SF=878;α=138,281,
111,Rg,Roentgenium,157740#,590#,,,130.0,α=100,282,
111,Rg,Roentgenium,159380#,680#,,,,,283,
111,Rg,Roentgenium,161970#,500#,,,,,284,
111,Rg,Roentgenium,163730#,600#,,,,,285,
111,Rg,Roentgenium,166510#,460#,,,2016.0,,286,
112,Cn,Copernicium,150360#,500#,,0+,,,276,n
112,Cn,Copernicium,152330#,150#,,,790.0,α=100,277,n
112,Cn,Copernicium,152840#,440#,,0+,,,278,n
112,Cn,Copernicium,155020#,400#,,,,,279,n
112,Cn,Copernicium,155650#,580#,,0+,,,280,n
112,Cn,Copernicium,157950#,400#,180ms80,,2010.0,,281,n
112,Cn,Copernicium,158830#,550#,1.1ms0.3,0+,2004.0,,282,n
112,Cn,Copernicium,161340#,620#,,,2004.0,α=81;SF=19,283,n
112,Cn,Copernicium,162420#,760#,102ms17,0+,2004.0,SF=100,284,n
112,Cn,Copernicium,165620#,460#,,,15.0,α=100,285,m
112,Cn,Copernicium,165090#,510#,,,30.0,α=100,285,n
112,Cn,Copernicium,166450#,700#,,0+,30.0,,286,n
112,Cn,Copernicium,169370#,700#,,,,,287,n
112,Cn,Copernicium,170930#,700#,,0+,,,288,n
113,Nh,Nihonium,159030#,220#,2.3ms1.3,,2004.0,,278,
113,Nh,Nihonium,159460#,600#,,,,,279,
113,Nh,Nihonium,161240#,400#,,,,,280,
113,Nh,Nihonium,161810#,300#,,,,,281,
113,Nh,Nihonium,163730#,400#,140ms90,,2007.0,α=100,282,
113,Nh,Nihonium,164560#,440#,140ms90,,2004.0,α=100,283,
113,Nh,Nihonium,166590#,530#,,,2004.0,α=100,284,
113,Nh,Nihonium,167770#,780#,,,2010.0,α=100,285,
113,Nh,Nihonium,169960#,590#,,,12.0,α=100,286,
113,Nh,Nihonium,171460#,710#,,,,,287,
113,Nh,Nihonium,173970#,700#,,,,,288,
113,Nh,Nihonium,175550#,500#,,,,,289,
113,Nh,Nihonium,178320#,470#,,,2016.0,,290,
114,Fl,Flerovium,168780#,660#,3.1ms1.3,0+,2015.0,,284,
114,Fl,Flerovium,170930#,400#,210ms100,,2010.0,,285,
114,Fl,Flerovium,171610#,550#,130ms30,0+,2004.0,α=5911;SF=4111,286,
114,Fl,Flerovium,173930#,620#,510ms120,,2004.0,,287,
114,Fl,Flerovium,174920#,760#,653ms113,0+,2004.0,,288,
114,Fl,Flerovium,177470#,510#,,,2004.0,,289,
114,Fl,Flerovium,178220#,470#,,,2012.0,α=100,289,m
114,Fl,Flerovium,178730#,700#,,0+,80.0,,290,
114,Fl,Flerovium,181500#,700#,,,,,291,
115,Mc,Moscovium,177750#,440#,60ms30,,2004.0,α=100,287,
115,Mc,Moscovium,179670#,540#,177ms20,,2004.0,α=100,288,
115,Mc,Moscovium,180680#,780#,410ms150,,2010.0,α=100,289,
115,Mc,Moscovium,182790#,590#,840ms360,,2010.0,α=100,290,
115,Mc,Moscovium,184180#,740#,,,,,291,
115,Mc,Moscovium,186600#,700#,,,,,292,
116,Lv,Livermorium,184460#,500#,,,,,289,v
116,Lv,Livermorium,185030#,550#,9ms3,0+,2004.0,,290,v
116,Lv,Livermorium,187240#,620#,26ms12,,2004.0,,291,v
116,Lv,Livermorium,188130#,760#,16ms6,0+,2004.0,,292,v
116,Lv,Livermorium,191290#,470#,80ms60,,2012.0,α=100,293,m
116,Lv,Livermorium,190570#,520#,70ms30,,2004.0,,293,v
117,Ts,Tennessine,191650#,600#,,,,,291,s
117,Ts,Tennessine,193620#,670#,,,,,292,s
117,Ts,Tennessine,194430#,780#,25ms6,,2010.0,α=100,293,s
117,Ts,Tennessine,196400#,590#,70ms30,,2010.0,α=100,294,s
118,Og,Oganesson,198800#,710#,,,2010.0,,293,
118,Og,Oganesson,199320#,550#,0.7ms0.3,0+,2004.0,,294,
118,Og,Oganesson,201370#,660#,680ms540,,2006.0,,295,
